user_a,user_b,shared_packs,cosine
did:plc:24q2z5aqljukjks224pqwimh,did:plc:dwt2ntmuye3zb3w3ie3b5zgu,1,0.027074820055665232
did:plc:25owydbzlcyazokzxatcnhet,did:plc:34pzugx5otofkhx2sct7ogs6,1,0.010389812061038105
did:plc:25wolt6qyqvryp6dg3fkzyeq,did:plc:pdfic74mrhghjhir3qshiemb,1,0.02289940248061768
did:plc:263kofxdje7g5e7evbta2mju,did:plc:5nmslqaz6e6deo7rud3cgncw,1,0.13371928812206924
did:plc:2ai25ea53jfahixlhwsh347u,did:plc:3qpjxt7lez7zvigx4cwxmrry,1,0.01574085041750206
did:plc:2amfb6qpbabshk6zqd65zjpy,did:plc:stazwvwhqtuz2bph27pelcih,1,0.09204638161468073
did:plc:2bhjrzvaxjlfchibekeclfzb,did:plc:d3ogxao4nuciofuy7t2trlpu,1,0.03821068496779474
did:plc:2burqyeoixihp6d6i3yh74je,did:plc:vmxmrebiewobkrqdme4lwf5r,1,0.11949951750008372
did:plc:2chzmn6u5xmduk36ragq26ev,did:plc:fvdvxh6xec5cq3oeda7njqbx,1,0.06367372183626865
did:plc:2dodjjonkktlkawwsdr7aq3p,did:plc:5pkvkchvy5r5lpt6dzvnxm4w,1,0.0
did:plc:2eggxzjikdgsfhdfejrgxij3,did:plc:sj72wes2xop5ajt7xlt2hnja,1,0.18758366918188937
did:plc:2ff62fqkq27bdxswi6ez44dq,did:plc:keompcicensa7aig3isdr36f,1,0.09664472085390374
did:plc:2flxuayvffkbjjnptjtm5txp,did:plc:uxt6essojjazlczdixbaghkv,1,0.09813079084091575
did:plc:2fvckngq34kivqe5hz5vliin,did:plc:pngw6wwsbntrlglizg2frxqb,1,0.1110637648491717
did:plc:2gbhmvinasyhzywdnic4jsi3,did:plc:k276evh44gwsbdybxgtdothh,1,0.2163907799572805
did:plc:2grdffhvz5anwlbayxofcdf5,did:plc:lqtlrxrp42i6qh3vh3lsmybu,1,0.3321774695020349
did:plc:2hbj625jol5pfwsjv357ndsl,did:plc:ulyl36hnp2zficpv4htokym4,1,0.3082588890236594
did:plc:2j7wrfm7krlxelicwnjq3kkz,did:plc:z4nfma65tmm6sk7pihjuvh7e,1,0.056945398749596844
did:plc:2ks6ssaqjuwq6px6ezl4mxv7,did:plc:ks3gpa6ftoyaq7hmf6c4qx4c,1,0.06729999775497753
did:plc:2mkgbhbhqvappkkorf2bzyrp,did:plc:6rg7rs32na2uwaip5ovirput,1,0.07923401883764426
did:plc:2nkqqpybqsg72fyt5ke3akii,did:plc:6p4l3pavdr7jpwvs6fgnkmvw,1,0.03706157628036999
did:plc:2nlzeogz3ghykjixm44qxllm,did:plc:itcqruu6tvm4sjbzffscuao6,1,0.17363261726600382
did:plc:2p2wdhc6iasabvpmdbwjudvd,did:plc:ml7kkvx3qqcbum7mt6fpzbi5,1,0.011854554714975976
did:plc:2qjjjezv6txtgck7lhk4vqud,did:plc:kte2b5rnieexjvpzfoyxiakx,1,0.011391674901204974
did:plc:2qoxucumwitjpaykfqbfui3y,did:plc:r5u56sxaoy6pizvfff5lxeup,1,0.0032621544371239496
did:plc:2r37m4k5qkffs66q6tov3h6g,did:plc:w4hvws2rwgc3jknddqy6rwyw,1,0.06852279448961592
did:plc:2rgxkeab2duf2osoxqkwow24,did:plc:kupekvlqj42gr3mbl4lxfoyt,1,0.11254154522855389
did:plc:2v6leryb3aezzfpn32u3scgc,did:plc:hkloe75gxxujrfk5cljlehw7,1,0.05496719362423782
did:plc:2vd777pjwtu3or65wsd5ftwk,did:plc:vuwtirvquzwgytl2hxhrabvn,1,0.1994423916393655
did:plc:2vxti5td3tdwrqidmbbhj3wn,did:plc:dkh643asru53huyrgpjmobgl,1,0.13499093512851323
did:plc:2ymdr6f67jr2h4eo6mkqowhk,did:plc:kps6stux4oefxl2cn3mkiaf3,1,0.03780371091658968
did:plc:34zq5wv6vsxllbe2sg5hqibk,did:plc:m6fis425tamdyzevdgosthor,1,0.04330494336784231
did:plc:35mtfidkpaxztvnz6awf22hw,did:plc:dk4vikuwlud5rasjyjzpfawl,1,0.19052928635870353
did:plc:35r2ahxhs27fdqh7zehghz5j,did:plc:rsbvec3bin354nt2sgqygy4s,1,0.03147365432572745
did:plc:3a53is6yo2bgsq5pkernsltb,did:plc:3denye4t7nw7mlprsmtfcpik,1,0.40021448750116706
did:plc:3cc7dtvwe44lqqbk375nbmhx,did:plc:hjsepnmz3yzjx4rxrnkmq5cw,1,0.05265501816863536
did:plc:3en4tirveirvavzh3reb2pgc,did:plc:kxjfl3lnhxjf7tg5e2utujnj,1,0.1369627019337586
did:plc:3gf7ggjpetglwwmlyyeb7iqc,did:plc:k5oldnfoimbfpeg74gqbgnm5,1,0.12912165504850326
did:plc:3ggacfuuduqtt35syoevv3yd,did:plc:5ypou23oqgwtxumdts3klocb,1,0.09977351941294511
did:plc:3h743hjra22ar6dkzohsrzah,did:plc:pwvculplzdrnxxj5alraubux,1,0.01751538260346796
did:plc:3hayitq2cclufzmpsgwnw5an,did:plc:snudhtqaa2g4yaktu2yxtbfz,1,0.0904242123953176
did:plc:3hd67og56zzdsqhqf2yqs2v7,did:plc:svemxcj6xhehsm3ht5pmckg2,1,0.04437903299630616
did:plc:3is73gqb7bx3zcqaxcb47y4r,did:plc:vqh4ycovjp6xqpzjhi3ydscy,1,0.054754364717302065
did:plc:3jlgii2x3e6ccjzo3c5gbsow,did:plc:xfebqixzzbvolywma5rhuqgs,1,0.2694499421018964
did:plc:3kapv2cmc5r6ehswf6nwo5wt,did:plc:p7abckahifxmb46ljgom2ejy,1,0.159351984723836
did:plc:3lunpc6dajspsvmrmkkjmqz3,did:plc:ux5c6hm4wbjqhki42fdp3u7k,1,0.03849815069265122
did:plc:3m2kspgf4l5vomio76ihjjlk,did:plc:7avnj46gd4vk7s55mlzimgee,1,0.30647939669364604
did:plc:3m33s5ug7vteq2w62zli2jem,did:plc:fjrt2qdphbkghlnpzc47sh7e,1,0.050322462732504375
did:plc:3muhtgdy5kkwg7uvzav2aadn,did:plc:mslids6sjrrezje4m3frwoxy,1,0.04909702337203365
did:plc:3ndls44ookped7wtrvt2qozy,did:plc:pkumctvnn66vojvcb277hm4b,1,0.2937580024741521
did:plc:3odh6s52rkj2p5e44sgcn3o4,did:plc:xjzadoegrlckius6lzonfuqa,1,0.208535873857059
did:plc:3pu2kbbv74xnjijmdqg2hcqg,did:plc:hvcpvjqexxderbxfccof73t2,1,0.6438493109842975
did:plc:3qqymznj6yam4crbsgjfbxo7,did:plc:pp66gvuh6w7tnshtvjxll72e,1,0.03319903177076362
did:plc:3rpvaufqlvqfhfborljlbcf6,did:plc:sunbuvp43kadg5tsligc5tqf,1,0.060721516845940876
did:plc:3s7isqkfw5jhmw2rox3up2nk,did:plc:ucsczw3tfhyxahfcc6wzl44x,1,0.27794643933831825
did:plc:3sdbof6be3apln2u62iu6ljn,did:plc:wgiaarrlbzgt5qg75npre43v,1,0.040073107054055576
did:plc:3siox3kiqgw63wuh6k32kymn,did:plc:vc7ycyy4rolix7hqulgdhmyp,1,0.029053649426038546
did:plc:3szb3bgbqosnhvz7nl7xaase,did:plc:sof7btditsaeror5ajthper6,1,0.008214596440671998
did:plc:3tdot7riel7lwyyvlyds4l5a,did:plc:p2xkho6dhokpvx5yr67wwwnj,1,0.2871607826601097
did:plc:3tqpjakb2ds2dvnj3mi5sksq,did:plc:7khknah6v2jrg6yukjvx4law,1,0.0
did:plc:3whflcdp2i7svugsrzeeatnv,did:plc:r7t4jtdzfol337cxyikpb7ef,1,0.24954603237232914
did:plc:3xh6m4ups3mhlvtxttv5mfbo,did:plc:kydhrk444koasjtzeyx5356q,1,0.20246715544342894
did:plc:3xovvgvtloxyoal3z7vv5xit,did:plc:vz35eklbsdwmln3myunfrmzm,1,0.04116042959321237
did:plc:3zip7y2wfq6zcpezjabqvkno,did:plc:6jab4zm74exzxa5suoag6jx4,1,0.03091918799198932
did:plc:3zk6bj2juah6gmu7s6t5vkqr,did:plc:73gh4u4kdxy6hw6y6csdzl2i,1,0.08211246838994193
did:plc:4lx6nur5wstwoc4wtgj56kyu,did:plc:dd7urektfzv3vb4tzga4tutu,1,0.2001015110374791
did:plc:52tlnwfbzoca6hkxnsbbz3tu,did:plc:ulytagarpi6fiooxj4z4id2k,1,0.026023361894221844
did:plc:53zseicm6zdkkraaox5phkev,did:plc:rkreojkpystqvcsz3gy4mk7g,1,0.054408457596364965
did:plc:542o2gayrbwbh3ipsfgb2v2d,did:plc:d35x3zsqqs6qixmj62v2cd4v,1,0.15398647613144031
did:plc:54ndbcirtt3iaclv63qsxqjl,did:plc:fl7p6tfpyje5pvu6rutuueut,1,0.021384186289147074
did:plc:54swlmd3u2yfez5gdj7kzxk4,did:plc:5cx2ewnscrrcj74kruucqjm2,1,0.05363742131577832
did:plc:57ppz5o6bn2aw23eehf2wgzg,did:plc:zcsluxke34ndyaybvfdxycyw,1,0.11342745530730221
did:plc:5dk5rmvdibklm4bba26y7l65,did:plc:ixphc5r6l7bkhevgpfrqbzdr,1,0.3985576063386298
did:plc:5ehs7ugbrk2pokny4fvmgdoc,did:plc:siscyp2m3uwdp3hsb63zpz3t,1,0.029410189724122116
did:plc:5flvemwgoe4um545ltxxodmn,did:plc:vvjwbmkczlhhh75viwusdquv,1,0.06472554807098717
did:plc:5i4ajc6oygiuji67kuh3ozjf,did:plc:kf5jqmxhovadfme3mxogmxxj,1,0.21943469876907962
did:plc:5i4j7vqwvmgpcpczyoimesu4,did:plc:fokgzr7l64ybaoe5uqojwn2i,1,0.2474964620418938
did:plc:5ljh2txl4mfuvfhajew6wqpw,did:plc:ucogwfp44ku4asx7qddv5e7o,1,0.17778964202128322
did:plc:5safmu7jiqut3vddwvkyavh4,did:plc:xvtgqwfyh2z4hgsztxkl46nq,1,0.01332759694022699
did:plc:5utmhcbkmr7plx6vdxrw7ptj,did:plc:xqx7ceiacglnx52ruic5fgzr,1,0.02659613777093432
did:plc:5ws6knivzxd5dbh7vi5s3ug3,did:plc:7f5avfrcdmbgyqx5qqgkxlqw,1,0.14931465403867536
did:plc:5xjeq2xoop7u3hgp2qzsuztb,did:plc:z7tqw2wfogaxv3pyrmtym7sh,1,0.19120200030195716
did:plc:62ckkuc6amd6unr23l64lagf,did:plc:lgpcgnytdxhzug3qobnefi2g,1,0.007439460037032495
did:plc:62y4cqyjwdwroq2y4n2kr3zd,did:plc:inqjchbe6mu3ajmbz6lrgzrh,1,0.019553974382447784
did:plc:63ui4gqfjfmjayyfskcco62k,did:plc:kdzcf3htrmd4g44zrivzqkyw,1,0.06272007763063019
did:plc:63yy7oaa2cjnznbvwgkr6yu4,did:plc:xils6hxrapfeywurm5qvnylx,1,0.23686077573830092
did:plc:64mardkgketpqezt5ynye6s4,did:plc:woooc2l35mpxdsjab77xwudm,1,0.0621056325351212
did:plc:65mbrifrrtuixstc6h7k52cx,did:plc:hrseoieflrwxnigetcwzacwl,1,0.03634476327009882
did:plc:66ey2c2t27ruwcuwbkxoctbt,did:plc:xz2axnmphgjvd62gaaeajdzx,1,0.14830203526563218
did:plc:66yo2lmitj27ghizuq7i5ud5,did:plc:vfezk22gy27ok44ppuso4tew,1,0.17803531805250614
did:plc:672p34f4qx2mnn3g67pnmn2h,did:plc:7crc3usnn574itdyd5va3jbq,1,0.13003285482547414
did:plc:6bij5vuvnwodmpu5y3iica4w,did:plc:ii2c7cyfihjbuw62oeeuhxdb,1,0.33934110440098125
did:plc:6c45z5sf3rhgrupy26iqndmc,did:plc:u6k7ahupoo7hrkd45ltvuf6l,1,0.02900859948289575
did:plc:6dmg3wx2mvujljoc65k7gwpo,did:plc:i53oprqv2wym22gb6bhj5l3g,1,0.16873984357154292
did:plc:6gesdfscicgd3ky6tsgs4nzh,did:plc:k5nskatzhyxersjilvtnz4lh,1,0.006171748326797422
did:plc:6h3bymfg5jxjiennodc5br6t,did:plc:i4nz4ccefgelabqfzmqxf2px,1,0.18464183208768373
did:plc:6hz4sbfqcklcdydzldl57pff,did:plc:fsacpcr7c7gaseg7okgthyjj,1,0.0391361864591965
did:plc:6ixhocm5tk3fsqbclrbq36mf,did:plc:my4ewikgzwe6d3szrle4j3tb,1,0.12411723051884949
did:plc:6o6d57tu62mcfwejx67pv3or,did:plc:lwdyds4eitbaj5tkahvo235k,1,0.14498831666492196
did:plc:6ouaxjxgcbwzw6porooiafil,did:plc:j53tav4pdcpfxyx2gcfr5fhb,1,0.1382135813033029
did:plc:6rfs3brw4k5kahcpi7duwfrq,did:plc:h7rlp5wk3agzpagndfb536vr,1,0.04655876712353275
did:plc:6rjiw7yugmo6d23zyx73atlo,did:plc:wj3w32sslcctp57bf426cdrx,1,0.20275423166862283
did:plc:6uozwgsflqltuycrztwcmsyg,did:plc:i64iqstwayucev6zpnipllf2,1,0.043611575821456104
did:plc:6v4ut3iqxilrzkrdh23gqyvs,did:plc:izisgquiqsgxotibx37opc7n,1,0.08715459837271171
did:plc:6vaxs3ifortkcif7gatfxokv,did:plc:7o5ppuk7gbyqci6ywtqetkys,1,0.0720113211680623
did:plc:6vhbz7thssqyhodcizw2whkq,did:plc:wxama644zxtbaf4ikxxomkk3,1,0.0069174363698070365
did:plc:6vxnftg5bv3negho5yy6m72o,did:plc:dwmfjcwj2elt4uiggvwsgdvt,1,0.2391257332703538
did:plc:6wp2tcntj3bdjiqnduppkqdv,did:plc:zleelpw5e7svnrcxohdr3jrr,1,0.03394965452166826
did:plc:6xnpma7s2fo6rga5khypjt2u,did:plc:hoqcpys32a3avhn7i2icusuq,1,0.03512412890708711
did:plc:6xpjg3ltebay7n25ql3q7xdn,did:plc:kfbyl25hhkjxldpnwvelg5ox,1,0.02425977677574756
did:plc:6z5rzm5ktes4mdsq7bjoya5d,did:plc:rck3bi5twiyxnvbdzjsvcd2w,1,0.12758790271566856
did:plc:6zkt2ibrhkazjyn7eyeu5wnt,did:plc:ztkrqibfkvmwtfa64r25n4sv,1,0.2552355837143438
did:plc:72o22bosm2dr6hgdsomozaoy,did:plc:vovinwhtulbsx4mwfw26r5ni,1,0.10136083710532631
did:plc:73gqgbnvpx5syidcponjrics,did:plc:7mx2jwbmpnvzwzjid7jjtbqp,1,0.18817199704834803
did:plc:73jny2u2ptyli4aexvupjq4x,did:plc:rlpsppcuvibn5ownuz7sviz3,1,0.031632127305453984
did:plc:7e2r25or5canicqehihgl33x,did:plc:pn6of57j75kcbqjc7kmez5wz,1,0.0260901706656025
did:plc:7ebtjgmc5jhz42j4iccb2s2v,did:plc:d77ziugvq2pgvjzxfigrdp54,1,0.23246488360365455
did:plc:7fkcgs3u5d4c3paicdzogumw,did:plc:m4grg77yaxkg7emsmety53u6,1,0.22328050399804203
did:plc:7g2vztcayu2dkdjfrlx7x2es,did:plc:zssd5buffcqml7cgkxues7zq,1,0.030115145755033563
did:plc:7gxr2iwav6mkf7cdqqsqtulp,did:plc:pyk3e3dapdfzveoekgmopclo,1,0.01539214997676798
did:plc:7l7pua43fnvmtogpnbaz3p56,did:plc:dys5x2lmkoat7zs3wzh7bzly,1,0.20043990625499514
did:plc:7lr2xkdjq4zmjf5vdcu27esy,did:plc:i66rrhhl2mymzp7xv7lxofli,1,0.05792849887866663
did:plc:7m6b4iwwf7t5dzy24hh6p4xc,did:plc:hcxra3alb5tt5k6i7cyfq3fo,1,0.21651284983344804
did:plc:7mpr2afkcgvq5mnfqpw7szxl,did:plc:dfhn37hckm5e7ewcp5vrmscm,1,0.06861338384920626
did:plc:7nr5pcdbterco5fvvulqn53e,did:plc:ftlads4suevqgdni4hxjmawj,1,0.027712879667710223
did:plc:7odhgjrqjyqrjqvzxxmqzlz6,did:plc:ulytagarpi6fiooxj4z4id2k,1,0.09152560787101396
did:plc:7pu6c6ge4psje3epd76uuioh,did:plc:snmsqvxjta7ozx6tad654irq,1,0.07616210804868123
did:plc:7q3437uxkjfx4c3dewdbcbox,did:plc:htc6w5nbd4dy73st7uqmuwm3,1,0.2650398919838739
did:plc:7qfv2p2b276xowezle7lywfp,did:plc:mt5jcybbl2tp24jpozmchonk,1,0.0022885108804711236
did:plc:7taqghlwbgzabwlmf2yraeas,did:plc:pars64axnf7cvx54eu6fbg5e,1,0.0794978800809257
did:plc:7uatvpqav6mge25oearb77w7,did:plc:ixcljnd3s5syqqelbcz5hkv6,1,0.07393732862992958
did:plc:7upoypvlxudsiv4pzbi5jtwf,did:plc:sqhqrfrzaa4sfep4pdzphwgo,1,0.09123887022452182
did:plc:7y3e7x7qit6pm7xm7lecrsia,did:plc:zkity7ep6mo5git2s2tpmheg,1,0.09744618761395214
did:plc:7zdj4mybprnfygkbesik4bfg,did:plc:pqlavcsjejkff7lnnlk3d2u7,1,0.049798325831437125
did:plc:d2vswuzsrd5gaftlib3ubkdh,did:plc:hsblgrdexl545rkqfz32hftk,1,0.014945187683807032
did:plc:d3yuaylgclh2mjgxa55cnvkf,did:plc:l3wtiemuqcjtupvxbpidxtsy,1,0.03433663937154632
did:plc:dahdgqec4ogeejyv6igtqlsv,did:plc:is2euq7l4mxygotqewyrcpyy,1,0.14350473914591658
did:plc:davo4pki3gcitk36ismmfjjk,did:plc:ih6ypaguutcm37typp6cftmw,1,0.08355737903356261
did:plc:dbtisum7twjppojhvianstwg,did:plc:kpzgkpwezlngzibmv6jzzjmg,1,0.030985392895316072
did:plc:dcr5goshwhf5t2xkryxksvak,did:plc:zdvxpbbjycbic2bro46liwgl,1,0.37072614767616796
did:plc:dd5oeph7qd6x42t6j2kumgvr,did:plc:pqfy7vpbmrfz2q5ppndli6a2,1,0.036904180362123055
did:plc:ddcdjzfguwaxnbgtows6xd2c,did:plc:hyzsbltm4ywel252q2fu4bg4,1,0.08647458833009472
did:plc:ddzl442a732tvuujbx46d5dw,did:plc:xi7llkugtotisbvn6fpcplp4,1,0.10728559017072264
did:plc:de5lqal3j2nfxvlxqcuhtl37,did:plc:m5a3dazptfoyh2u5hfmrxi6b,1,0.3513118719155214
did:plc:dfdorgxgmd5xuuxq5kifmqnl,did:plc:rxpf7wrf7fho43xccjrndwmh,1,0.10455134921242085
did:plc:dgnjk5rf7gcdbnqifvier24w,did:plc:hoslp77k2dosodkla6kklhwl,1,0.07647266931326621
did:plc:dgyzgteojpojlzqwfy5q3iyr,did:plc:x343hibw2szvnh6h6wv45vm5,1,0.01715533455757348
did:plc:dis6lv6x3rcjtgvmvwm7w7qh,did:plc:drto6ja5dn3oy6lhh4pyukyf,1,0.2610028908876618
did:plc:dj3opprrvs4pmuiik5ukc5po,did:plc:ksdzubbkx5j3rceeyf6uchiu,1,0.015505239497291108
did:plc:djckphsprdsboutfzl3qbcuu,did:plc:kq5wdkho6hncvxvfuv3ngzjr,1,0.05951971676453984
did:plc:dloy26fo5g4ypyeqdibyi2w7,did:plc:wx56rxympe4d55kegbwjy57r,1,0.10324961821777662
did:plc:dm3s7y2nupbcy6ksbmtpcndj,did:plc:rgiqrtwmgf7m2qp2f3xbpvym,1,0.029769601795141345
did:plc:dolghi4bqwa54wtslcpkj3ik,did:plc:irewn2zth23slwvycykrywrx,1,0.03104351706618219
did:plc:dolwkpwezm4ntnm7zocyhne4,did:plc:p5btpbwyfxfmxxq2f2lybuf4,1,0.14188660271806314
did:plc:dp7w6mt4p3hvjy2ilhbhlrhq,did:plc:px2jdmmr5eyr6joc4um4roys,1,0.08743563220138652
did:plc:dtkhph2cdxwdmczkxdhxtwe6,did:plc:py3arxklkn5sufj6gp4ehdag,1,0.10326903173720241
did:plc:du7csnwhlxtqnumt6m5bw3an,did:plc:mfrcz3kv7bsth54bkyrridp5,1,0.19614232907864826
did:plc:dwgcmukmzprsovko3g6kegpe,did:plc:vnbl6yziwblrphalagmhzwb3,1,0.020422886812162082
did:plc:dwnjygbk7jhm2exjaabbwc6r,did:plc:wgsf5ta7c245avapyz6wwbos,1,0.12086955336074856
did:plc:dxehlx4e3atialuajyyijhi4,did:plc:kcu5gsklhhensnm6vhu6lhq5,1,0.12069718974386112
did:plc:dxx2j5afyh76g3rp5oodezh6,did:plc:wulld4pptar2bpnysiawxscm,1,0.056174160473724866
did:plc:dz4fpv6ljtjxj5qwxpair4ea,did:plc:hhiosrut2iduiwyo27hko3rs,1,0.05356800368363765
did:plc:dz5f3vjel76gadbwitlu7igz,did:plc:kbd7aco3s4zrfe3yqpjandks,1,0.2997785424837376
did:plc:dzezcmpb3fhcpns4n4xm4ur5,did:plc:xf6iyexvrnxrtlqvsixb3tzh,1,0.049679204624991306
did:plc:dztnwr4exjjibjf6nxsszcgi,did:plc:s6mfu3mfg6vvj2ksze7aghhw,1,0.23789126764188778
did:plc:f6jpoyfyaujpzsgnsgddd24u,did:plc:k4zrgfxpixlwmrxpelkbovpg,1,0.09468518498921284
did:plc:f73wmiz7wj6knpyiqqaubd4d,did:plc:p3s6h65bcz5kbedipqn3utr7,1,0.23864868583510193
did:plc:f74xw753q5w3bhfrngc7dq3h,did:plc:wrn3munakui52kj3c7lbuwmz,1,0.019475807925932807
did:plc:fd77o5pgoqsxok2hic6coe3y,did:plc:mjbkjr7sk5opmknc3oy25bnb,1,0.07516933197865205
did:plc:fdr47gstayycqang3gcdra6y,did:plc:w6xhpmctenjecxjmw4zup7l2,1,0.1217785535550104
did:plc:femn754jmamteuf2xzwwoilf,did:plc:x5xkeui5ras6gzxsiv4nb76y,1,0.2940299019554024
did:plc:fepciswq6tbddn57gbdfdn7f,did:plc:ktmfezi6ur2ebdz2qwvpanxr,1,0.2543249642468366
did:plc:ffytfbquexcudkpibd3ggsog,did:plc:htwvfhsaoog5qsm6w5dqvr2l,1,0.11039971045049064
did:plc:fg3a344e26ivoa3ndlj3f743,did:plc:hjx4vtoryubvqa4vy6xuliy7,1,0.057162203009554054
did:plc:fkz3f5z54bku2jp2xy6p2fks,did:plc:svqs6xihf2wcfzjpszw5ynbd,1,0.14380203139239695
did:plc:flfa7b6kgjqp3bbh223tmpjk,did:plc:fvnflfq72e7i2m5qwmzdx4wt,1,0.024368049854447148
did:plc:flvkjlzjrms2mpet3b7wxaxv,did:plc:mrjpbl6qfavkbhp6omja4ock,1,0.11570138628790791
did:plc:fnwqea42ey5kldh3fzdwxgpq,did:plc:khp3tkfzhaep2cmfuvn532mr,1,0.012326962286873237
did:plc:fo4zuihb6ldofeql555ly4os,did:plc:p53utxyenjd5vez27um7hhq6,1,0.040724598546110796
did:plc:foqmba4zh2atqqnduaom6dkb,did:plc:p6vbt5v4s37baeimguow3pjy,1,0.029658838538708855
did:plc:fqofehrqxezyrrinna4s423t,did:plc:vrmx2e5gsi23srsy2n7vljvb,1,0.09242153839506492
did:plc:frvdm4ocm325lzqp6hsshhs4,did:plc:p5cwprcjhciehhqaceo42ymn,1,0.08197069482290054
did:plc:fsl5ypal3ovuf37adtsrg5eg,did:plc:z263hkwg2geayqpnj7vm5zln,1,0.38906996616979317
did:plc:ftwh5anv75f3mzjzioehlp5f,did:plc:kydhrk444koasjtzeyx5356q,1,0.11481856826069214
did:plc:fulxvgvn6wcc3bh4dxiw7yan,did:plc:pqwbf2ptlzo4vfsuiykj7iml,1,0.07509388480307748
did:plc:fxlyr6bdsgo5luhsz7hzzrta,did:plc:r47lctulus3klgllfddqcb3d,1,0.1270017268509392
did:plc:h5ui2tcfb7feh34nccov2x7r,did:plc:rsbvec3bin354nt2sgqygy4s,1,0.023650338613089947
did:plc:h6ux4evhsidtvultxx7v2yt7,did:plc:lfzeuapbmjhgzzrbxki4ujyg,1,0.4447208289658067
did:plc:h7obn4tkp47wn7gqh4oe5eij,did:plc:mblvaexbfziguobovzty7gye,1,0.03391599500901574
did:plc:hb3nn6rifghpldudwavd53b5,did:plc:hz5wjgsrtaplt4gngapylbbj,1,0.17582718081105608
did:plc:hb3zrukwxgja7uqh655znta7,did:plc:vocg5apjrlm7dfptvy6qbrfy,1,0.06548607613128152
did:plc:hbkyypxwttd4dkw6fhpdihzo,did:plc:i3qxn7v537zj5ctzi4wmhjo4,1,0.27704626959836043
did:plc:hdjjzyoojkbq3heebh762y7o,did:plc:zc34fkru37ha6no4kshsa56b,1,0.0386337774349992
did:plc:hf6m7zwebvbk343pv2orgfzx,did:plc:s2e4ufngbzomsp57467z5hdn,1,0.17901525608955787
did:plc:hgkjppsshyohlq7n7hyym76w,did:plc:weuvzjtzo3w4pdcpjxjsaq3a,1,0.23128354591661127
did:plc:hjz6djtihsxyrijrrcistf4z,did:plc:rfov6bpyztcnedeyyzgfq42k,1,0.002648484253964957
did:plc:hlgbl7yyzoo2ayeudachyshf,did:plc:xtg6uhgsy2j7k2a6qtcood2w,1,0.020626982792041896
did:plc:hlm3kwjeca33oy4cwren6qmt,did:plc:p6xfxeazk33zdmexhrlso5b6,1,0.04723569798439359
did:plc:hmbn3kky6setfhwytbvsvvtc,did:plc:ibu23ntfcgv6gte56mvubr2s,1,0.12134957255276099
did:plc:hmsawyb5osuapekrfy2xpka6,did:plc:lt7eqlk3l7u5pncvfgmcfjem,1,0.26386173100760457
did:plc:hniznwodcpwlevvnsxmwkf6m,did:plc:pigwxyojy5ubancegcgvum7e,1,0.03295055248604485
did:plc:hnrpb4kfqgw6bo3wmf4wie7n,did:plc:lgfhamaxxp4rvkw623zkrujh,1,0.18401450569042108
did:plc:hqjzzywsgyz3y4fhywrzmcbr,did:plc:rpgpm5nocaunmokqax6kdmap,1,0.059576461496969275
did:plc:hscojcxjolcqrqaywibnsvdf,did:plc:z5npjj4ngqdqpntfbvpjht4w,1,0.08970212445215033
did:plc:hsf5excqy2bzmofxeaqzsonu,did:plc:rdfbng27ner6nhyhxv53bnnb,1,0.07705581589308047
did:plc:hy7zuda6za3smvypeawczkvn,did:plc:w3fbceba5547sgvzqggn4h2z,1,0.27359715355755554
did:plc:hzsidnmraxkoje4h6q7cjmye,did:plc:pbnedfg3dzkhtbcjvogs7zxf,1,0.19110009380247933
did:plc:i32mnicewgt6rwvu5qr5f6kb,did:plc:py4py5pbpm55ay2br36fj4yi,1,0.03077709506817672
did:plc:i33655j6c6nntkzgl6zb33kd,did:plc:zq5aq75naxtspoeoyls4y5ip,1,0.2194650404488966
did:plc:i52cdc4wd3lndab2ybozboh3,did:plc:xafzxw4myf63j46djdb3sd24,1,0.26536354002709095
did:plc:i7kvf5o6cvw4itu4g3sd6roi,did:plc:lj4nrhucxd2rn65pvnmwxij5,1,0.07758228760862851
did:plc:i7xff24i4ph36m2pnw2gooh7,did:plc:vkpr34zsaucflqp37xown2ht,1,0.045055326756502534
did:plc:ihmq6efcs3mapqfpxyv2fmhr,did:plc:iyhfzjvllxghmtrja37wfvlt,1,0.06304333077218433
did:plc:ijxma4rkgpl4wlcpl5boygy4,did:plc:xofm7z7oqnx43w52lrm652ic,1,0.06987380476446334
did:plc:ikl3agjyfzyaroztbjd7sbyy,did:plc:wfjn6vtegesrjfpaneregzhf,1,0.014677950001651613
did:plc:ikl4znuok3pur5d6lahlix6k,did:plc:upkn3t2jci4pfmp7vq7zr6zu,1,0.11304949566489059
did:plc:ilc3ub7ax3byohnunx47dcyr,did:plc:znhqxfr7zcwwkngdwnobqppw,1,0.14377204998632803
did:plc:imuimp3cecoprtzng6p5gz6z,did:plc:utcy6eza5a2z32sypqlortw7,1,0.017056795054822042
did:plc:innfttmuvt4h5zh363tejw7q,did:plc:pmhyscv7t7incelmoevkijpr,1,0.3022513279892569
did:plc:is7ixjncehsouy4q3lp73t32,did:plc:zumwzkbxlqcmhl4ciwlxwldo,1,0.10776339405278576
did:plc:ivx4ca7fny6dwdc4vkzxzqlm,did:plc:pzgvqg4ihnaihkrpmxqz5pu6,1,0.07061634828043262
did:plc:iwqdab3ifz6ooighwhslpiiz,did:plc:vzfsfsrdrh7qudcmobtzry5i,1,0.2408880651615814
did:plc:k3cu6vcfjeetqrvg54gdjwvl,did:plc:xtxvkojy52fbcmbnftgagr46,1,0.2819959860495638
did:plc:kbydl6pn76ada3ahsuigtbog,did:plc:sxzejptstbmivof26vs6j5ww,1,0.07682814517816115
did:plc:kgjdd32sqiw554m3xlhowu7p,did:plc:wbab5kefzm3if4f7dvhxxll4,1,0.008630753223307527
did:plc:kgzr2tg7kskfl3nclz4a5ile,did:plc:wpww5clgzpzw4xtl4eie3qmw,1,0.018969563736485673
did:plc:kin7ud24lu7fms2vu72tlmbj,did:plc:rwgkjq5l6kf2slgcsn2dnqmd,1,0.22648322695787496
did:plc:kjwtwfdungnerve33qs5iinw,did:plc:xbaktqxhulqa5ztplkv2dvru,1,0.27605503270154275
did:plc:klkodr5jqzuelpitdvghbxqo,did:plc:kqsdfw4cj532lp7bidtdzyyz,1,0.35200644995111807
did:plc:ko6ndi66t3ndihr76vfxlu62,did:plc:r6fpcweqw7xdqqsgvdhypqmf,1,0.00844673222959591
did:plc:kod47jh5c7kxgccqrm7vzl5d,did:plc:ksxxgohxwhfty35ulcoqmqxu,1,0.39393468745909316
did:plc:kphsb6jts7ri735cwbpm5a5x,did:plc:zyyc5pf4jml6kq3mjzde4jn4,1,0.010319608879540688
did:plc:krqxd2myjonyacll4kcvehb5,did:plc:p24llm6e4m63w3kdzvkqp2qn,1,0.08867378382379955
did:plc:kthwu6mpwb56qwdm2ipaxciw,did:plc:setcoth5tvpsdqkmzdlowuhc,1,0.0009621354672779348
did:plc:ktivryah2ftk4mdgj2s3hyaz,did:plc:xaefrcd4v3w73utv6v56ipg4,1,0.06356647528990435
did:plc:kuqy4pg7atuxtn6e4r5h5l57,did:plc:m3xdrljgdyz6dfmsse6oavij,1,0.2467408222406832
did:plc:kvbuajmbofpfwobd3owuozgi,did:plc:p2t3fp6hunauxnhfyau2zk43,1,0.4937286533826777
did:plc:kxv5yp6ffh6fqvwmsrgfch3x,did:plc:p5f4r7rbqfvkpnwsco4kcbkt,1,0.3117140381427244
did:plc:l4cvchh4yzl4trbjc54hagwi,did:plc:sevtz74cblfb7ze7tviklqrr,1,0.33162460099130237
did:plc:l4q675yimloymf7po74lwbrq,did:plc:rtuy3gtdir3twlhltakwzrry,1,0.3704933858485491
did:plc:l6kij66u46e54wze63rgdkk3,did:plc:uz4phqg5jrczmooygwuxmqm7,1,0.11709271412166641
did:plc:l7xizzdygynr5cpgtir5c7or,did:plc:pb5idzaqy5cw7l6pjxcvlehk,1,0.22655453773978518
did:plc:lb2jc46m6tglhiddt5hv2q4l,did:plc:u64nwnpzhxzjxtolewiidm5j,1,0.0955527555217256
did:plc:lclcu5b236vvgcqj4lxeu6af,did:plc:wvingqo7tcbz4es25tcd4g6h,1,0.0
did:plc:lcrs7zw2ayrzfaqr7mke7ssg,did:plc:uvibk5lz7tvzjr23li6ng6ai,1,0.16148748795131784
did:plc:leua6l2xwob5ujpwfi4xcbvv,did:plc:sg2e2kqdsdp2q2zl44txadbp,1,0.10167479862930665
did:plc:lfsublvyskdxbofq3sl7bjkh,did:plc:vilgxrzchxujaxvagli7ffnc,1,0.04703193100348322
did:plc:lghfd7elj6cjjwlhecp2utao,did:plc:x2ssvkga34xug334b66hvrje,1,0.31778638171718526
did:plc:lia4ywzl2c2kt4dn3kzbywog,did:plc:xkdkftu5e24b24iz4pskn7ai,1,0.15376434777470568
did:plc:lpd24rplliibjg3mv5leecgx,did:plc:m57fasvijyeotebb2bxes4tx,1,0.06128318255881107
did:plc:lptjvw6ut224kwrj7ub3sqbe,did:plc:vcepp6trx4vpe5ourxso4tjl,1,0.23389944874264562
did:plc:lr6ljqbg3dco4y3lvx6upnwb,did:plc:zilxzqdnqg4kdmdg3qunwjhf,1,0.06164034371445633
did:plc:lulk4ewmv6nls3vcpaku2hw2,did:plc:xsnxogmt7csaw4hqgrzai2ud,1,0.0689872972466922
did:plc:lvmrjyiyhnvlakh5gob4ynwv,did:plc:rflpfdnembwyfkvrdy6x5puq,1,0.026047993850004232
did:plc:lvpglkzgewfqvz7ctxv7oy7v,did:plc:sq7opbyykyezqee4ineblaha,1,0.2644530671769415
did:plc:lzmtfb6xnbrgiezkyduz2oiq,did:plc:zzimjmzxmarj3rd424jt5v4g,1,0.036004130855363824
did:plc:lzzh3ncz625wbpq7zkksq2dr,did:plc:zlimqgj5tdvetkaf2zlx3cp6,1,0.08424530366310641
did:plc:m26c3tg24uud2u52m6hicxda,did:plc:mf5dzzqkp7fnmby6blfeljwj,1,0.10416247802171223
did:plc:m5btcnga6upombf6ypod5blu,did:plc:patyindju4ijpoxhqfjrczvo,1,0.11630822852163554
did:plc:m65ifh7vn5zdgs7izcmht4gy,did:plc:rfx6ycapn6jl24jt73idc6bg,1,0.02495100320985575
did:plc:m6jrorpc45hlbdmoppi35vle,did:plc:zyt2nqsn4igvqyra3mergvam,1,0.2500375595758967
did:plc:meg5udhq2qc2jfq7k6fmbbb3,did:plc:urjdnxiete2si7wt76vrbksg,1,0.12658174003685116
did:plc:mf5dzzqkp7fnmby6blfeljwj,did:plc:xjvlqohvsl4nfi5d2wz3banx,1,0.289727392148731
did:plc:midr6dpec3ofzz2r77c7jqnq,did:plc:rlimbpyk52bvzyznos7guhiy,1,0.2515023595704796
did:plc:mj25u4hocfmg6a7t2rxwbycg,did:plc:w7zeo4qnnfbvppzt2na5oofs,1,0.27648765629958827
did:plc:mmln7mdcvzkis7byojzoczvl,did:plc:xk4tqfi3qjkkrjso7qwt7qzy,1,0.08589809072485571
did:plc:mol4fvkutegffj2oe3usn3oi,did:plc:wsi3yddyhmkjrfdscz2pmwsy,1,0.09869995417190355
did:plc:mt3o2cf5fqpyqbyalwkegzef,did:plc:w37vtlch5u75erba3gvvmsq5,1,0.04816266319031707
did:plc:mu4xn5rfzb6tvdvjl7xmzflc,did:plc:sakf5wbeb3tr43lztrac6sek,1,0.022030888765639127
did:plc:mvmi45dcnem5pmr7un63473f,did:plc:slxctqm6ixdsjtpgep32l4b3,1,0.04325965931462905
did:plc:mwh32ffgdaa6ojqhcxjwi6zk,did:plc:rv7cl4qcjozfg3aaxtva4s2o,1,0.19115925624616759
did:plc:p3kgt2t7leyrctcy4ud74cxa,did:plc:vax23oilyd4ui2kmqkzupio5,1,0.23749775516714242
did:plc:p7ariita5o56b66mvzf65nyr,did:plc:wetvcutjmh6rx2wvxuoix2oq,1,0.008214286609638946
did:plc:pfxrkc46e4i5mqhco3mht6fw,did:plc:r3b2zyqri7sbgp5ubghm74lv,1,0.16295717979200647
did:plc:pg5pjkybehq5xqm5ik3762au,did:plc:v6gqzh5bt6tfisedxkfmerh6,1,0.09079349447730584
did:plc:pipwof5s2sgwn7lwmtzh7chz,did:plc:xdi2qmdy77n6ldodn7fcosr4,1,0.0721395862190467
did:plc:pknnd76jpcjaimezsyq3kq4e,did:plc:wkatrv5wbnmrq7h7jtuobzyw,1,0.1323062373190924
did:plc:pnchwnz2zjjunimrkgq6x4ff,did:plc:rwweb2mpbg23l4cuuwbhnrsz,1,0.04076025914589717
did:plc:pp55fgmdkwvafamwlbdcesa2,did:plc:x6otgkuoexokbkrl3xhkzyet,1,0.09772947202363312
did:plc:pr4g2k3avplsojwrkbg5m5jc,did:plc:s4koxem4sejtxxxzgmhrclqc,1,0.04538937773677207
did:plc:prpo25uk3ag63rxzxh2ytn6j,did:plc:xgluxrtcqlydw3kgh45ykqco,1,0.3139203099535609
did:plc:pxly6dibnyon4torex27nybi,did:plc:svo3k5tzx4hyozywexn3nefy,1,0.43272345939930124
did:plc:pzxawy4ezi5j3dwbq34x763f,did:plc:un6rogvacaybr7fv7jnxawpt,1,0.12448406388751006
did:plc:r77vvx2rq6m4gryhvfeelqal,did:plc:wpml7d7hvhbjblqg4aoqup4t,1,0.11830031866766691
did:plc:ra7gwmcz7qyegmn4arahrmdw,did:plc:vwmdwg7g4ox7svazbikspnkq,1,0.2009853739038213
did:plc:rbdqrdsaj6q3r5jzyhwi4g5s,did:plc:v2rlq4pid4yxihwhwhuhopmr,1,0.2830350956306936
did:plc:rd2j6bc3wvfpwvlhkmbfo5nd,did:plc:w5shixlrydelqdr3sqovx3gl,1,0.018942929123861463
did:plc:reif6ipuzmyvvk5r4vifxgnh,did:plc:rtjcwrrc6f2lkildglhz3zyj,1,0.09150985800938113
did:plc:rh6eg4cxjfj2brt53twsdpop,did:plc:srqqjpbbb6ddsarc2mcx4uqb,1,0.2543203780920178
did:plc:rhaqvmicphgwgdltgufj7di2,did:plc:s3g4mcyw3dubqqjnhlrisfkl,1,0.16346951395345455
did:plc:rhp4ewnam6yfz4qn5d3ijzoa,did:plc:u3qtwr3xni67et44ip5vov2z,1,0.2830610668633049
did:plc:rj4ghjxtmaciccxgtf3vbiyk,did:plc:vocg5apjrlm7dfptvy6qbrfy,1,0.015911169366529636
did:plc:rkbuvoim6t2hphvfvb6nwpph,did:plc:xevu7i6nywwamdpr2tl6icge,1,0.11421460171123246
did:plc:rm5ktrrynnfhmh6b7mm5dncx,did:plc:wlt5cfk3enzw2iprvoyzytji,1,0.013528916971863545
did:plc:rmkdrfxlffi3v2skf7qpccra,did:plc:sosfrqdofvc6qe3pld546z66,1,0.12163391689200857
did:plc:rt55fwnlkvz35isocqw7iixg,did:plc:slvfaaxnpeldrj3gvigjjmg6,1,0.0635895017807025
did:plc:rzehcdzpdzopoduiydgkal7d,did:plc:uuip6nbi3l3zi7hivojweffs,1,0.06351405724066136
did:plc:s4r7pzjghinon4ijer4ephus,did:plc:sifok4dhejq2n7z52msw7odk,1,0.14061569138250812
did:plc:s4vguye7trlutdgqn4qgsi4f,did:plc:wkreszch2k4mumsrlkeaflgn,1,0.015049848650476235
did:plc:salokypqtf26a547u2rxpx7a,did:plc:zqeli7wpgc7dbxpm2bdgjuvw,1,0.20410555571273323
did:plc:sby3zs4rwyrhixsenrh3jbyc,did:plc:xvpmfufd5cucmgtdocki4vbj,1,0.17305572969325528
did:plc:sf4m62spo7cbf74alcco5ku5,did:plc:wzjxkidvhpbhlop3uyxlradv,1,0.1388049964730173
did:plc:sfpozevm7uoilhwlx7y6v47u,did:plc:w4xfre7c2njwe3wmvmwfo57i,1,0.10826200795296709
did:plc:svtnlndaqpllkqc5hlrvwgp2,did:plc:wdrdm5zsrad2abdfmobhl36f,1,0.4584058531747597
did:plc:sxuckgrlkb4n5jfjhzbkwy5e,did:plc:xdyzagdwnhrwbnsvjywj5lb3,1,0.15922085755050044
did:plc:sxui5mkix3wrqju6yzevi5ww,did:plc:vn42cctl4p3pzmntrb2yc22p,1,0.17144987093889497
did:plc:sydgpvanh46u766n536r33oa,did:plc:wzyticop5jjewsnwb4cqci2p,1,0.07765254772914623
did:plc:u2tn3eimgufyb3uf63silq53,did:plc:wyoactb6aac5mwvlzjlohmpe,1,0.09653223821284501
did:plc:u2vj557hryj3su544gt6ojtn,did:plc:xdb72eyqbxlcfovzciutxdw7,1,0.11906402647833904
did:plc:uddxvzhe2oip7r24swiymorp,did:plc:znl5wrnh42x644ritdl62ovs,1,0.009445225150894016
did:plc:uff264fpm6gn7mxt5r46u7sv,did:plc:wcpxhbnf7txvay5zrfumlwk3,1,0.016940559508052976
did:plc:ugxohkznt3knktapf67aydub,did:plc:zfijh2s57fv73h4frcpoclnc,1,0.04906531609789308
did:plc:ujk32y4r4juj26d4murda4mf,did:plc:vfpaviw4c2qhbp7u3rul3tuh,1,0.03520299436286237
did:plc:ulxxt3pkqrkswmnad57pmv7x,did:plc:w5lkfhwk7u3mps5ybe2gjah6,1,0.09276167068888322
did:plc:umckktzgxyahhmljes5j5iaf,did:plc:vpjkodjpl64mxqnsbijk2wlg,1,0.019141093627456442
did:plc:urxsquudnivu6lfsayphncdg,did:plc:w2xssry3bcga56uvcrv2ieyr,1,0.06374547029662303
did:plc:usyykig5x3pfohh3gw3fphzm,did:plc:wkxaec4ooqr35oo3zsi7fjnl,1,0.12493845437331749
did:plc:uwxyp4x4tfbbl4zjgaoldby4,did:plc:uxhl5hhu2urlpmiqfv6vojnq,1,0.05492716043997199
did:plc:uxsc5r22opis5xgncuzbaku6,did:plc:wwna7wis7o6c6cdb7434nvpp,1,0.3480146251041524
did:plc:v5bod66gputpmi64nck3qtvn,did:plc:xyzeyymd5k2hu7tvbn6xa7yy,1,0.05598265991244739
did:plc:vltsowclnhy3dh73u2blz73e,did:plc:zhelxnqf2yfcevj7iokaibti,1,0.20166536368982946
did:plc:vninigwtytdkn4twc5tlbldt,did:plc:zzxcnntvtqkpyrgprjl2m4so,1,0.11190248227123432
did:plc:vnklpnbhbyc26bz5bizmz5cc,did:plc:zwt7zoxxsbzaprzcqfhppbyc,1,0.02085095890811898
did:plc:w6a42moznuma45g5enhcvrrp,did:plc:zsy6m7m42yoqkbdwbqibmmnl,1,0.17355429922629156
did:plc:whefj4sgj5ggwnfl2aooed3w,did:plc:wzjjwrwmvbsfzis5eh2ydto3,1,0.3014008552795229
did:plc:wvkijdvndtmr5rrnufja7mcw,did:plc:xvmfn4sqxoxa5qjovw5tcehg,1,0.07726752413944812
did:plc:x66qnnfwinx552tbbdpl7cay,did:plc:xaefink6pzagwfgh4fbrtfcy,1,0.2492497171968675
did:plc:xdlvphcifaag4ceuvsy5khe2,did:plc:xrryps35g3r2tixxjwjgitis,1,0.14258274221037306
did:plc:22a2lt4ssnjfoiiy2t6kw5dm,did:plc:po3bwbxl2ngbhbsdugpo6zgu,2,0.2796443996941905
did:plc:22jj54ahzx6w7uqqlc6ywhft,did:plc:6y7ispncudsucizzwokes7zd,2,0.22788752027309264
did:plc:24kqkpfy6z7avtgu3qg57vvl,did:plc:2j7yh4reb36ouvuycscpak4u,2,0.04539080755984699
did:plc:24vstx7323jai2h23jdxdfuc,did:plc:zfmtfmnbd7z44hlnpquzo7mx,2,0.08719179790646993
did:plc:25kcix64oba6m7uwduwqvre5,did:plc:7oi7fbsgoyrijlmwvfj2foh2,2,0.05517327273657381
did:plc:262k4r3exfk5gpnw3e47y4co,did:plc:73snlw6qdooihpj35fl7p6od,2,0.06491479934271614
did:plc:2737opuxcpdvcllwqtig3a7h,did:plc:m7qyneuatwbh5zdo636rgbss,2,0.026448849850106128
did:plc:2d4wnnqck6ibtdhjnr6jvxw3,did:plc:mvd2lyb3gcte43tlxnhkw7dp,2,0.0560327913886245
did:plc:2gbbgi7dn7m2qsibdtqbhwxd,did:plc:mj23lvo7wmmu5cennbl54vvy,2,0.22277585429641136
did:plc:2gimdxoecefjfsqlniusfhmb,did:plc:id7cvutwm2xd3zayon52u7i6,2,0.12609415919122408
did:plc:2hltimymy65zl5ba7ifsq3qr,did:plc:7neczgqjegyixcjlr4dlnkf5,2,0.039221522956963704
did:plc:2hltimymy65zl5ba7ifsq3qr,did:plc:i732zeq2rkbq2db66afktt5i,2,0.098434355062827
did:plc:2hm6s4ux5nvbnmngs6lmaqb3,did:plc:dwmbf5ymwm2qa5ewenbhzey5,2,0.13226853933542468
did:plc:2hn6skmdjnt3dmcynnjyhx4j,did:plc:xlzaderhtc6yheddtqbz5pqb,2,0.13593580853034037
did:plc:2kcyyyokfnohunhvpauubpwf,did:plc:wy4ufhy7swsmq7uekin7oces,2,0.04956900621122309
did:plc:2kmvpblow4pidsudohmmok2m,did:plc:fhg5l2wgmjlllyaiy5dgvt3d,2,0.2017017709302517
did:plc:2lwm3d222ruiqqjgcmeglbvs,did:plc:v2srmosioonvxiy5i4qf4uig,2,0.29761219044213955
did:plc:2m6cdzry6h3n466pyqwqkdpg,did:plc:hu62nfjvpbw2uwwbcgbg4uw6,2,0.0742295418348182
did:plc:2nqelbqdc2r2lwtlrvwm6b2d,did:plc:hw5bzwi2n7nnrvosauyqwkg3,2,0.030162541005931534
did:plc:2o3po33qdipjnglczdpotmlb,did:plc:rwqdsk2cfxybjtabvqp3m5fl,2,0.049110440438480944
did:plc:2ouygqnlanwy2ofbzdwygstk,did:plc:lt7werwujpbuxy4cmv5woxk7,2,0.3195945469474663
did:plc:2oz57225dioy7562v6kozp37,did:plc:ik6x4wiz6jujcrx7kpynyhgw,2,0.21068333626218994
did:plc:2qkq4nlttzfz6lkh4inlo4s6,did:plc:3tmgipgm5s2brqhnyj3sed2m,2,0.3584447318921024
did:plc:2ra3my3aifdylax4bxhuakg3,did:plc:mrsthvxicg76gjzjkp64dsug,2,0.06772661498526512
did:plc:2rjdcvh2znplhwwoijelhxxs,did:plc:3kpbwkxbo3ohlsrfdqoboixe,2,0.18096011888477614
did:plc:2tny2l7lx25omzvq47nh7wuq,did:plc:pw4jfnv6g74rwcx5tldajy2o,2,0.20720500304871628
did:plc:2uj2lfmnuh2gwz7m3iwg5dmd,did:plc:kq4atylnrjb7xxouar4kctqm,2,0.4840798375635061
did:plc:2ygcg25tvdtofrky6lkcggyf,did:plc:kuxlowyawfm2pbepcowktfv5,2,0.09517085034208113
did:plc:2z4mgqfxm4po55jy3yah3dor,did:plc:svawqo4jxobyyuqmixplvcux,2,0.10777751027547172
did:plc:2zedtzfb6gncb4ohbfq4hrhu,did:plc:ufk7ngshljmkwji4ijf6hfif,2,0.17708252046091083
did:plc:324hyjk7nh5i44eh4mdoecyj,did:plc:fqz767ikcbgk7yifapygtxeh,2,0.12456894494744761
did:plc:32yf6372jgbzqwip24let6sx,did:plc:w4234fdhqdlfvnsla7fgtlhb,2,0.152307573818727
did:plc:347fv5gzkgm3yhsi6q4oi6x2,did:plc:phuepqomp6xssmzltxahovw2,2,0.5148158185168582
did:plc:34quy23aca43wbwexbit5ddl,did:plc:fwzj4fpafu4jixrkx42f4ocf,2,0.08982714325906994
did:plc:354klr4rop3mc7xpo3nsi7za,did:plc:w2nz7d2phfbrzyembuw7oxjj,2,0.057416636695440504
did:plc:35j4kisj55m3grhaao3zimuk,did:plc:ifz572hztyf4i377y6u5gi6w,2,0.16566588009888392
did:plc:36czmxzxmoomlcequ3oo4peo,did:plc:ruwnuvzigdl3527oe3vjrqwj,2,0.21841034693162653
did:plc:3755uda7ljtwp3fb263kr7yt,did:plc:wbfrdvbqipwcvezohgn4tbux,2,0.2759794664585049
did:plc:3ajqqhhm4cvzabgewt4edix6,did:plc:z7b57qvjvyll6ih4toc66zs3,2,0.11062610997132043
did:plc:3ciofzdn6kxemhbroojhkndi,did:plc:vwdrsijs376mqbm2t2xhxmtx,2,0.001814912011070149
did:plc:3d4mi7ih3c7mttnarblbfxay,did:plc:rngk5o452c7zbn6t5ul6t6sw,2,0.09172261424085909
did:plc:3fvbfbb3c27dnx76rhq3eyy6,did:plc:zravbo5mtb7czx2lgk6rx3s2,2,0.19460984241442042
did:plc:3hd67og56zzdsqhqf2yqs2v7,did:plc:h5qpca4x7ejxa6fzutcr62hg,2,0.02714019421479818
did:plc:3hpzaayax2adhdm3avpdddpm,did:plc:xyvhegmovfcdqtrbqv2ejzxg,2,0.09269719052137185
did:plc:3jpt2mvvsumj2r7eqk4gzzjz,did:plc:wwc7iab3iwyzlttzzrxpg7i3,2,0.1412775191828392
did:plc:3kgbatwvhb6hslwdgmjrvz6j,did:plc:7rc6bnn7mz6ph6nekp6qnwwl,2,0.23600254420615963
did:plc:3mz7x5xlkykf5plaq2nj6gra,did:plc:md4zhwwprilpgir7vjwndfmv,2,0.17150324835595315
did:plc:3ok4syt7bmf2ld7zrkcbiyw4,did:plc:lwhvn6brnbobjvkfmc4cqf5g,2,0.19824966878991085
did:plc:3puf4fmbpo4izpg2iyhqnxvf,did:plc:6zipnpg5cxtkuqy5vcx3okti,2,0.1225217658106725
did:plc:3qwgwrbtrvfb7wxshhnofwph,did:plc:zasq5gnfftzy4qk4bfxzkp3s,2,0.05917058560326708
did:plc:3r3cf65knn4ejhnygnd3gt5w,did:plc:fg6dzlnxa3w72yj4ksrosjpz,2,0.05144340491770743
did:plc:3r5l7vk5zjt5zbp6nuye4kx5,did:plc:5uhos7dxfqpndh7lsuztvmsp,2,0.0874034395229067
did:plc:3rldi7dqssgqdhwgs67z3k7x,did:plc:wudzmabdqrcwq3tiryooifyw,2,0.2149535459465038
did:plc:3vortkligfrnu2aelx2owvzn,did:plc:66w2des2djumuvbnnusbhfuw,2,0.46710424213030977
did:plc:3vvbtkhmqebnqw4miiicl4f3,did:plc:luech27hzz5dh72qes3t2jf4,2,0.12756145858802634
did:plc:3ww4zeqrea4pbyk3e7gfxaol,did:plc:hpxcmmygu3v5lkasag3wk4kz,2,0.2542924934162448
did:plc:3xmn5zn6gmnzbu3evby3j3ff,did:plc:us56ghbavokbqxo2clj4wwf2,2,0.11331285991271658
did:plc:3xt2em55sr74vc7zn7o5sjzt,did:plc:xghjmebnrmxfkdng4l3tvb6x,2,0.10844931230440427
did:plc:3zkefew3kuivnfgcrp3wqu5p,did:plc:yosojsta3nm5qiod5zqixzur,2,0.11826933071610324
did:plc:4lx6nur5wstwoc4wtgj56kyu,did:plc:vuh4aesglnl34tfhxfwwxwhv,2,0.09937267321307078
did:plc:4u3hwe3p7oy3hoy3amlw7rp2,did:plc:mgfwsqnxjdlk2hxag2zjcsyj,2,0.0741963360502346
did:plc:53jlf5szojnijoo4eiyxdrfp,did:plc:ijnazuzargfl4ghvfutiydxz,2,0.03875523992363829
did:plc:54vsg5c3wfulidoshk24d2a2,did:plc:fqiatejd2mv34wztyh2euto7,2,0.16247646095710216
did:plc:57k57qgyj34okw3rjdxcvso3,did:plc:rex6b3ccy3bluxlce6ugb4zv,2,0.18719486356275108
did:plc:5c74i5yfj4ixtpyer7ty5qas,did:plc:ydtsvzzsl6nlfkmnuooeqcmc,2,0.030565598871047324
did:plc:5crbr6crhtfbjf7ushkondzv,did:plc:zld4gxiwqa4qngau5jai2q7l,2,0.44603595767342086
did:plc:5d2jpuslbulrfrt2yjfwq7nz,did:plc:rbcnpnvfvogdo7e32qdpz2pk,2,0.35343244628092313
did:plc:5drr3t2r3s5pjbzlljiim4ge,did:plc:kyo2qygxgl2aqgiclmv55l4h,2,0.051471944231803755
did:plc:5fo2yozccmxjenyrtrnp6vee,did:plc:wue5bcmipnnuv3qjsoxluexb,2,0.24427784872247432
did:plc:5fqf2wteyq3h53vhd3emrr6p,did:plc:kync4ehaj6wqyzxsxsugnnia,2,0.031068018914726526
did:plc:5gj5cidkj2vgsdijm3zng3rl,did:plc:vnahiwra7f6ngqmjhy7pmovl,2,0.17308662902435
did:plc:5gy3v7opwo3bfoa7dojkfhvp,did:plc:u572urcqwbz5grkczhxjuwyt,2,0.04922541231104216
did:plc:5iwu6ojy4m6yquqotjhuro3n,did:plc:wxeaff4nck4xcb5x3ykruq42,2,0.0840949184215768
did:plc:5jocv74ocmgtb5czrvpbneqf,did:plc:p6xqqwl4acnybqr7ywqnwox3,2,0.046860757610130234
did:plc:5mzopwadp3c2vk5m63nx4e5m,did:plc:usdmucg76l2yvvyabqjbjkvu,2,0.018795591675899403
did:plc:5pgjs7bkvnk7oaqvkdyct7we,did:plc:iuomdx7zutmmvu7mqmpu4wwp,2,0.059761170092171814
did:plc:5pjvznsai7ubgmdyevt6ck5o,did:plc:suvmo4dgv534mvef3q3qwfr5,2,0.2043836052159616
did:plc:5puthiyq4j37d6aio4mbj5ce,did:plc:h2jn5ja4yhamns5d2pmprmbp,2,0.0738279246988532
did:plc:5qftphp5uq4bfqcj6ezyew3y,did:plc:me3d7zgpmnclscicpqzf5ckq,2,0.048852535268372334
did:plc:5yfcbeswb3llgn2t4glqaxbf,did:plc:iu4j537hox5huj4bwnwgub4z,2,0.18141876520064817
did:plc:633h2vkmt27pwteamyugxymt,did:plc:rtmm3khonbz56dy6eww7ax23,2,0.15985931537491374
did:plc:64swc3k6x4xh34neiwpab542,did:plc:r6dt4rcbzjn2m47y66knxe25,2,0.13866559122538785
did:plc:66l3cceycrvj6myut7qkkiet,did:plc:w7v5lrq6c2c73ozzvgmeshzu,2,0.17620758619475826
did:plc:67btym6gasq3jwhhbs7p36zv,did:plc:ubsfee7aofznwila7oraat3v,2,0.484618974390477
did:plc:6catwtkl74b6at5zfgjhrp6p,did:plc:k7nfg6rbs6aenm2xgpxinua4,2,0.14413556857082582
did:plc:6d4brir6mlguabf3ry5yyafc,did:plc:z2dze3vhkh6zefea4uzvjh3w,2,0.2588603105039519
did:plc:6em2g2vujpxparnauxmoopfe,did:plc:xyzlbocbcny36mjw53wuzxh4,2,0.0857381222853109
did:plc:6fwz3sdhzub756v5obsefkyc,did:plc:kllyzlfiqrhk3wnllbaam3lt,2,0.1976440282598303
did:plc:6hyuaeq6pskpmmipkwofppcw,did:plc:keg3c3lhpxiihjho4e7auzaq,2,0.046229576371691214
did:plc:6jhe567h2o434ubsmlxa24vs,did:plc:izxpomdyri45gzhppiiyattq,2,0.20312913844778552
did:plc:6k7g74lsaflvpidgjf7rv6oq,did:plc:vbklz7yx5luobfczxjje7cgz,2,0.2927623194450415
did:plc:6lb75it524ap6lzqhghvftyz,did:plc:fom6t3mqyaombqow3nybmsav,2,0.3197256487372897
did:plc:6ljxmqeogyzgjhrbh62gheb4,did:plc:fxaxubcybtkkdcyfcq3miile,2,0.06518012245254039
did:plc:6nyfmewlkuzb4x4o47ylahkm,did:plc:sg2e2kqdsdp2q2zl44txadbp,2,0.07078424886278321
did:plc:6poof5gfc36asxk5dbcqqndk,did:plc:ilr323txhtywlvgx52p4hjy2,2,0.11990348339044422
did:plc:6qck5h4zmlwvvpmctdref7tz,did:plc:s5p44tk5p2iapoqautuhdn44,2,0.3120448473347286
did:plc:6rmfm36lbvh6airm3qyik3n7,did:plc:vdqcxybyvvke3gtqk3chej7r,2,0.1636324365158171
did:plc:6ruiogo6udubzbwos2zvvket,did:plc:s3grohfayynxaqcvy5z3k66k,2,0.05294846809338393
did:plc:6uqqv7asv2xsxwn224tyexng,did:plc:z544xnhohop2d6jst3hputgs,2,0.22919929083007395
did:plc:6vrb76rnm72pteeer47zgbee,did:plc:mdovvrbiv7qz26hlcyywphsn,2,0.010288901909933383
did:plc:6xvzy6qahkukrabjaf2eezq7,did:plc:dwrlo34lusno2g3clldufutn,2,0.19766082310069372
did:plc:6yt3uef5k7lduzp5p76txrgj,did:plc:uhwdd4ea74dikrk625tyu6i2,2,0.08279213417780082
did:plc:732wmlwvtomyhd7ls5zipz5u,did:plc:krbgp6ddoaxz7svcw3ozqm7b,2,0.24964384828795014
did:plc:733c2alme6btzz3ibaoharub,did:plc:7n4frcoyococsrlp4m5f5bkb,2,0.2918410022504121
did:plc:744oxjhsebkxhrmwp5upo3uk,did:plc:femn754jmamteuf2xzwwoilf,2,0.29247474339473634
did:plc:74ci3qe4fp4tzdjqjk7bf7np,did:plc:pars64axnf7cvx54eu6fbg5e,2,0.255482005191005
did:plc:74kf7kooh6yw7d6vcchnkuuz,did:plc:svbgyox2ytrjimozykyai3nf,2,0.005333721402799403
did:plc:74pw22mmhzwkihktsy5hmgoc,did:plc:kwsuv5jvdrxfh3ko4pxznnzl,2,0.03159411301004248
did:plc:74uk3fsyrhekutfnlrytuahy,did:plc:lmxips6wtqegsunrrs2hvvfv,2,0.08535412412499431
did:plc:7bh5txgbsgv5g4uetsfaujow,did:plc:p5rrzaim5mjf55vqm36k6dw4,2,0.15550142130277325
did:plc:7dl77rvkrei3dvrrhr5spetr,did:plc:zhtdnqtjmjbjq4gt2li5gemu,2,0.3537127590151842
did:plc:7e7dz4seef3okjymyrf746ht,did:plc:wcpapruceqef3d52qfclel3d,2,0.1025450622714027
did:plc:7fudodup2d7lqok6v5kgbz5g,did:plc:xdxkzjjpf7xoxozgaf2o2uko,2,0.03577952078812076
did:plc:7igkthfscmolwhaexyywmzqd,did:plc:xx4at3byg3oggcqlslx4eghc,2,0.2983590448157868
did:plc:7mznn2lv6ezcer3qemobtl2p,did:plc:r3ma6lrndzciruqnx56t5ppo,2,0.14176367444799892
did:plc:7nguzszlvpdpdmtc47zp22ur,did:plc:mnm2mri5k4vu72ld67v6fgbf,2,0.20168931201679224
did:plc:7p4my765ifkvtce5wo6x5z6f,did:plc:peeop2dd4ktne763fyibyu3i,2,0.16781902660822046
did:plc:7q7yraqsz77d3xewpgaynyng,did:plc:rlsbh33ybz25hkevctidssxe,2,0.22915550182604422
did:plc:7qbnhsdt3raruqankapk2y5z,did:plc:7qqkq2zdwq4j5jingukgtuky,2,0.18163175661854047
did:plc:7qmsuxrtwmjsp5xo2prjr5rz,did:plc:x222zwr4ouquvlgsfeaxc72d,2,0.39863434375060447
did:plc:7qqkq2zdwq4j5jingukgtuky,did:plc:wb37qpasohsk3er5cq5oncbe,2,0.21736148230682356
did:plc:7ra7lcan4k3pwvomrya23dqm,did:plc:hd7dghrpuiavoig2qimyfuyv,2,0.15467766485469753
did:plc:7s3nrh2nc7h3j6d5xhmeqwuf,did:plc:hg7hrqfpcoqavj6ycugan2ra,2,0.12626678728960306
did:plc:7suoxsx4xkibduisyiqo3nsu,did:plc:w6na32wrwr62cnp24nf2xjqf,2,0.06357152951538161
did:plc:7tegwet653i2upbrky7qmlwf,did:plc:iarpl7ompxjvesgujx3nkypu,2,0.1270936862259017
did:plc:7tngqo5kcft7u2f4w4kas4g4,did:plc:xtf2ekl3yqfe53jztl2o3oe5,2,0.347939798770004
did:plc:7vj2zodyfsqhctrchrergj24,did:plc:vbejsyaepmscrrhovqncp7vt,2,0.07388240958955465
did:plc:7w4bq5kmvrjqtmho5br52g7u,did:plc:xlaz2uaibkrgmuue452vy45c,2,0.15506080822773854
did:plc:7wdv7repw5vvpfha2hjoieqa,did:plc:mgiwnf2jtmgaavcrljhupxku,2,0.150447938836202
did:plc:7yms264ozjbj5oy4ddtepfvn,did:plc:zckxt2jkohocitl4kgau3sgs,2,0.12930895191706948
did:plc:7zw6euiay4tdf7mphq2opnks,did:plc:l72uci4styb4jucsgcrrj5ap,2,0.02405813984619669
did:plc:bdztu6uezufsmi4bvkqecxc4,did:plc:xkwershectzm45pmoyo2ssx4,2,0.1409576989352891
did:plc:d2hstwsgopddotavgl5xgrfs,did:plc:sayarj2h4xspuzcwshjbzihk,2,0.27836692808079344
did:plc:d6oq4y6xeqlqb2nfchvlh4mn,did:plc:m3fttqhn6shzoljoqjtbezzs,2,0.033713777288310494
did:plc:d6rjeviufqpfo3gnqadnje62,did:plc:sw2a2uwwsgue2lt44vz3nxcv,2,0.16134684324161241
did:plc:db7r47qlbyckf76doyndhftg,did:plc:lkj7ianunpx75nefpgce4nke,2,0.16739543920157954
did:plc:dctf6yus4m7kua5mtxfkc677,did:plc:uvnsaojku6unlw3zuhyt4lzp,2,0.11740712731219152
did:plc:ddpxwgmjazlbab4j5ir5djdj,did:plc:ug53kqfeldhc7rxzsohx4vrc,2,0.04123611370676475
did:plc:de6j2z27efnj55z3w6cbiiup,did:plc:vfih2bgdbq7beoodnlhg3oqa,2,0.17340022371747207
did:plc:dfuwvwqyy4nx2mumumks2yxw,did:plc:xrr5j2okn7ew2zvcwsxus3gb,2,0.15245827893719785
did:plc:dfzuaav2clpv2g2fr6jlmtm2,did:plc:io5l2d7v7vvwwbg4h6ufit66,2,0.05724487566502047
did:plc:dgrfr3wwlkt25bdath754ep3,did:plc:pzfjbpk5nsog3ziayhby2oup,2,0.2953967767333009
did:plc:dixlslop5kdzddm2v3jp7a3r,did:plc:rw4mu7td2jypdovsfiefpza4,2,0.015314646515227466
did:plc:dizabzuapu7ssrlkl2pay3sa,did:plc:dxuusfkicoauuzdk3su5ptha,2,0.2529006113001432
did:plc:dlgqgjtzzzuddsxn52f3y5v2,did:plc:myemciwphmvwf6gt7we3jrim,2,0.13108941531703436
did:plc:dnvytnglbpuc3dqevgmrzw7z,did:plc:xhdpztvtp7rayhwkqjuigurc,2,0.1621039010382198
did:plc:dogvyzh4feul4ll5ns5kljfu,did:plc:vtjlnznemwstbvunc2dhfqbf,2,0.06502690658989572
did:plc:dpn77rskcktexxonrldptc6j,did:plc:ptdg573kggetdcxb2qudvxl2,2,0.025744357968880444
did:plc:ds7jumejrr2e2ksfjmjxsz75,did:plc:i6r2cszqypv2qkp5wvppkndo,2,0.04140825610345965
did:plc:dudm4mpcxbtttv7mkgzn66f3,did:plc:huzrxhvstaidzrirtlypqgjb,2,0.0749760128001068
did:plc:dwmfjcwj2elt4uiggvwsgdvt,did:plc:ler2spsgtdhkkcaemxirzxau,2,0.12585777249581387
did:plc:dwmjmtf27d75oogbnaf6tvck,did:plc:w64qi6ydgasgbs2z2rjnunbz,2,0.11435950589226171
did:plc:dx5yzj2h2m7riy4klpkegsem,did:plc:wb4rgrlxxs5kjb5izwgrtvjb,2,0.19357820926926428
did:plc:dxxbkz7sbu4hbes5idlvglpv,did:plc:rfhdzcjv3r5m7sui52xizhof,2,0.1785950469535011
did:plc:dyfvk5a6b5pdcrhd5thurfvk,did:plc:frd7z25i66vcxhl75vxnuzx6,2,0.31288723340035207
did:plc:dyjr3kiaq2jwijyi4jxye6a3,did:plc:sbw5usoyfvqto7z5gguc2zvy,2,0.2650806449263573
did:plc:dymnytrt54bbklu3zm77mnjy,did:plc:mdjhvva6vlrswsj26cftjttd,2,0.06207016403934243
did:plc:eclio37ymobqex2ncko63h4r,did:plc:i3gdh5etdqfem3kva2uqarzd,2,0.02870986643419291
did:plc:f2oc7yflnkfxes7lgegapnuh,did:plc:xjc7mkotpenvhh6ffewkdpyn,2,0.033672542324878804
did:plc:f35rhqtdrkxulssqgqss4n4k,did:plc:xrbwkvcsvr2wgcm7zqcpb6et,2,0.0
did:plc:f3eww53lxtsqsdpup2qv7mx7,did:plc:levbbkt2dqj6wvyx24uypsra,2,0.14821861892049842
did:plc:f3lnygczj4qe42muraaaoj22,did:plc:v5rtomikbjakj6d27llvm3ku,2,0.30669353752153194
did:plc:f4mdlbasdfr2a767wr5agyol,did:plc:xm4enmnxqdzvd3mmefpy6rmn,2,0.36778345866443435
did:plc:f7zrqjb5xlcme6rp2gtixa5j,did:plc:scelhholk62qsa2yemhkxinx,2,0.0013270787381439437
did:plc:fcksgwmjdioui3efot7mdv5k,did:plc:vlmeqylvbku6hgkl4va2ffq5,2,0.4324427485620983
did:plc:fdxer5tprzxl37rsut4forhj,did:plc:pjx5q7ozubiuiefbscaivmvj,2,0.13581392566098463
did:plc:fhhjt22eulhddqncbsbw65gj,did:plc:mpvivcve3y2fdlw7pmq7niwz,2,0.2719705788750194
did:plc:fih4vfimvl6muodehq3fqh2y,did:plc:hcom3jcugrlvgypwwe5pzcbs,2,0.41732679813606954
did:plc:fjhy4pmtv7ws6to53gc3eesj,did:plc:ze5zcxl54flzmb5aa3uzd4si,2,0.01432161667738413
did:plc:fkskkxeyat6jop5c3n4frxsk,did:plc:hqi7un6q4y25jyil2qjetm4l,2,0.09394990128424886
did:plc:flna4h33rbegbzfurboorvzz,did:plc:k6jt4lwvsp4nmsizby6jvsdw,2,0.6243071255031163
did:plc:fozo4m536pxyv4zz5xas7djr,did:plc:i5lnmnjlmxngnwflrs2cv7fz,2,0.2833080937173409
did:plc:fsh6f36jgp75qme65277bpq5,did:plc:kj6ctbkjinxlzgnaax4f3ec6,2,0.316770471373572
did:plc:fsvo35lidpo3vgeympxnuiez,did:plc:pl3br5exvmhkaztywigasji5,2,0.13566651335829144
did:plc:ft4gwdn3b552cg4eidqfz7gm,did:plc:ii4zbe4zqjhzqsgf7fea65zs,2,0.1286519139507225
did:plc:ftsjmdchfgx5oxbbbc3xfrpw,did:plc:usamltzo7ycsav7h5jgfbbqm,2,0.3672722549149967
did:plc:fvwl7v4lqvmiosrcd6bc6uhx,did:plc:hsbda3444ynp3jaztvfjnr4c,2,0.033385744511611706
did:plc:fyocf6r5lmxarwvz2aucvijx,did:plc:h7et7ctrfucwjplgdonyglj3,2,0.050789453905817274
did:plc:fzsex7oxaujetb5nwukr2jnj,did:plc:rc6vff3hc2qtfsswsi6fv6or,2,0.2811760563089967
did:plc:h5b2x46tlly34ypxuo74ub7y,did:plc:le3snqzui22uenjjk7v4btfb,2,0.13157086494437542
did:plc:h635ilufsxn23a6wwbatyew3,did:plc:mh2bebinsuzwhwwoelmcumjg,2,0.2636133626507733
did:plc:h6kjad43g4tontif5dvjcnbj,did:plc:wjd4espqthbe62goch6p2mff,2,0.24995331908278948
did:plc:hby2psdkfox5w2pcm3tbdakf,did:plc:vpifegtjxl6jywtlhwu7l44g,2,0.08200053343051701
did:plc:hcizeoh2ikid6bey4i4syoak,did:plc:ven6gynzz6mpvlwur4ab6ltf,2,0.037930713125038824
did:plc:hctoskzk6jbd3mnxdtxdw4gd,did:plc:v4ruoh26yyxmv4vmmo3kt54v,2,0.04002302387905778
did:plc:hhleck4pj4cl2dpuuncpzlg7,did:plc:vwkeiugpa5vaqqnwm2jnthvk,2,0.021160293602585332
did:plc:hiq3v2inoriy4iact4dfsnn5,did:plc:pehbgqltmd46nusrr4jrqhw4,2,0.46347236415594706
did:plc:hir5lajypvibkidq7fdkrjn4,did:plc:lcjcoafthg5zbvgs4oeysbkl,2,0.031048611543080976
did:plc:hiuwtkjsgsojoz6mylh3wxvh,did:plc:z72i7hdynmk6r22z27h6tvur,2,0.09856406028095906
did:plc:hjeijo7fb6x2zqcgldsz223x,did:plc:moykfnyshji4ab5k4iwzajij,2,0.3392951736421784
did:plc:hlf2zvca7iv7tbu7uaespo54,did:plc:vghy3p7iqcmkzihuwjplwtrl,2,0.2277404602837427
did:plc:hlqdwbe2pgfids3t2cjtf3kb,did:plc:ufjb7oviuv7vfkv7tq3mdxhy,2,0.24302564467532095
did:plc:hmi3eevzfcg7hjm6un4sxqxk,did:plc:i4xfdl5zm3ox7tjz2waadgwc,2,0.08621129135419583
did:plc:honxa4gggdfz6rq5xt7ido7e,did:plc:wxavveenspi4gfki5ceekuiu,2,0.052891251105674233
did:plc:hpbakmavvfifrv6dvfstg4i7,did:plc:xgcxppjidxnej2ojzmkkmnrk,2,0.1030057352909665
did:plc:hpz7n5lknh3x736wliorcy5f,did:plc:swdghrenar6lxacbymhihb2i,2,0.046863480916789435
did:plc:hqmqz4ipokf53255gztthmpm,did:plc:raemlevoljhyzs6uvqwuji7o,2,0.19667410906755012
did:plc:ht4gr7cdbv4ig2byjrnxkfuu,did:plc:inobfxos3ymqk5k6w4bqaiew,2,0.06850984042765207
did:plc:hu6jdtct7tgsaahddfgbgwgo,did:plc:pzrujnasfa4wgmel5737kfya,2,0.027035979330739195
did:plc:hxmaw6g53mcmef26yy5qsrvc,did:plc:vaclzkoexhfyufbcgsdiovvz,2,0.23702249703093925
did:plc:i2blrvxhdn5ssaf6dkzhk4se,did:plc:rlrt6lbt2rfaa46iv5o7wvr5,2,0.03928206083749846
did:plc:i33yelk66g5kp27fb4tiww6o,did:plc:r5qqbgz6n5huvcsvzzm6fsit,2,0.2030599158761291
did:plc:iebblxjql76jzcxr5dufdz2b,did:plc:pjqeod2yairxgc2tvhislks7,2,0.09900471743775696
did:plc:ifvv5naspqul7keyfd2e364r,did:plc:wgm2k7arudb73p4bbgw7feos,2,0.23399892779162376
did:plc:ikepaubwxxfcscz5mi3chh4n,did:plc:xaue24qs2rpgvos5plsiqkhg,2,0.1314988783558974
did:plc:in4ncx4nszygvsvtykmh4pjo,did:plc:mtv5euoknlxyrd2lyt4j5jwj,2,0.12243193672395536
did:plc:inut2znv57elj7quayj2dgvv,did:plc:z5dhbia5ag6kkilnab76i6ab,2,0.17191981565166475
did:plc:iolwajexdz2ulieai67ceh5z,did:plc:rjvh7rfs2nbqxs5pce763b55,2,0.044879108544442
did:plc:ip7ztzujd74eh4nnhqvm7e6z,did:plc:l5kihpf5ow3yiwerg7ornele,2,0.09273827267817451
did:plc:istpe6hveincrnc3s4duvwqr,did:plc:ufkhbiclqpei5pkhl75u5wae,2,0.1058872991930335
did:plc:iswwkedigy6vesaimw6syywe,did:plc:usbulziv4ck5omo2bf32hpc4,2,0.11245903171260699
did:plc:itswx5ujvgfmddry7jyaweeo,did:plc:lpnz6ofxyv4hh24txuk5jru6,2,0.08487252997197206
did:plc:iu4j537hox5huj4bwnwgub4z,did:plc:l35zbtbn7eflw2seiyjcwwwb,2,0.02522486328308902
did:plc:ivnvf3cm6yjlonxhozyozyb6,did:plc:ly3jndesuajdhx4ij2uhzjld,2,0.32202380590464064
did:plc:ivowttozph5uqgojwsmr77fb,did:plc:muvb3u3r4sr5aax3bekx3ub2,2,0.1154617208525417
did:plc:iyhep2gru3cpkjrxkywskxdd,did:plc:ubti4fpe27y7rkxnxmr5wzgh,2,0.09329528670339637
did:plc:k2vqgq3czdvq65346u2ntazb,did:plc:sefcqhndncwtsija3qzsckb7,2,0.16685976852664514
did:plc:k3ncqxtjcfbwnkskyhueukl5,did:plc:kwe2p3nxict5ulaawycmz6wc,2,0.23530450959608545
did:plc:k44eehthylqxg34spwy5mes7,did:plc:l5a5tifmana2bki42jshon42,2,0.0
did:plc:k4vrltxbldks4ggbbww7hoay,did:plc:s3qlfp4bgo4oxotvicrbcy4p,2,0.048030824622674564
did:plc:k5rjm4virgl7lvulx7was4dh,did:plc:mbg76sxwv3gvah34wrzvotc7,2,0.0101053133293682
did:plc:k7bpruoevmqpewk5lpqbcout,did:plc:uln36cpkrmnpron73lolx5rv,2,0.0
did:plc:ka6qwlgc2fec7gkz6cfuuxgx,did:plc:slo6mpsu7oytu6i5qt5cfeoo,2,0.12879146772044212
did:plc:kau6wzvot5ahp3l6vjau2yxt,did:plc:zvyrwo4yxy2inyfa7xirtzu2,2,0.5944448243459259
did:plc:kdggc4ne6psickqw6j7hwb5m,did:plc:mnpjmdmakfnfwpxcjigv2qof,2,0.13988280431304168
did:plc:kel7nats3dsmlvoizz5dtwfr,did:plc:rcvehnwhv4yhqad6gicapqnu,2,0.05507459856841768
did:plc:kgxhhkb4iz47ah66uww5gkwr,did:plc:peekh5rwpzphbbu2aavkhl2m,2,0.11993729099457587
did:plc:khawna34ciss6e7uwogpbarm,did:plc:pbxv2f7r5eo47e3ylwczhk32,2,0.11868372088745929
did:plc:kizvktdqqx46ypvubormobqn,did:plc:wnduaiuavgnic4prdq3reo2h,2,0.28143006000369886
did:plc:klexayw4fcfovseaz7vqjsuu,did:plc:wvusip3eb6v3pvvky2alcsou,2,0.19557316637183064
did:plc:kofwogixbwof3nwoha2d4r5p,did:plc:svihkbezxwxdtnyyfkm5eb3s,2,0.39871710819089967
did:plc:kpomuilavbuq3hrb2dc3mjkv,did:plc:pd4i5lqfl2w5hcpavqezp262,2,0.05526770533198853
did:plc:kr4v4tuopyajkejrf4r4zs3w,did:plc:ls26zjpubpydja6dgqitbifq,2,0.04532635484545786
did:plc:ku72gu6p6dsdlq7sofwji43k,did:plc:vjafxnpa46nr7ameqyiszejm,2,0.07447262499377233
did:plc:kujot53uh2jqy6ryub5rgc42,did:plc:wwtm5peukhmsjizz3vjkkuxb,2,0.019099898406072343
did:plc:kwzch43xmasihgtxejihtxoe,did:plc:rpfeijhtptlmzj66nvcse7vi,2,0.031203064241413107
did:plc:kynp2mxh5tuc2hvwpw2on2h2,did:plc:pfo4lidjlualcv7dltteohsa,2,0.02411912586185546
did:plc:kyxxv4krq2y2clvoipcahf5h,did:plc:pjiafkey2cokiupsxpswqlk7,2,0.17853504053677793
did:plc:kzcdxoirzdkofw7kxtdyx3sx,did:plc:wymyunpczufmjjaw5lcrruuq,2,0.35325208695575916
did:plc:l4rfrgm6mb4vtt6irvxhlmtn,did:plc:rdzj4xkxycpm5w75nydl6gld,2,0.17297476593538175
did:plc:l4via3lya5g4pzqgzgcjd5cd,did:plc:pj2uausfjghog533xd4baop5,2,0.21448216948487653
did:plc:lgb2qeyr6mewmjgtwdbzrdzg,did:plc:rk4zocsnxaptnabojswk63px,2,0.03709126094758171
did:plc:lhb5w62cizvmi372rnxyivg7,did:plc:uqdv2smjfcl33nsta6v73at7,2,0.1241193953767771
did:plc:lko7dr757zhwtweokfp7kbe2,did:plc:p7nvxjqkt2bbq7gkqmaango2,2,0.008057886972355856
did:plc:lm65so5ksgrn635kh5uicrfc,did:plc:vw3u3s5f6yyhq7uvoybfykvb,2,0.10727657949477291
did:plc:lpehlcy6tccr5gwizwaxnvr6,did:plc:vtz4ssw2kfsze7i2fvtro2m7,2,0.008979167653210525
did:plc:lr7ey7d75zqtsqizrerjvigt,did:plc:mcy3zgsxfxmti32d3yusc5ji,2,0.03219079260098911
did:plc:lr7ey7d75zqtsqizrerjvigt,did:plc:xrxbycbachtxi4gjqk3f4rzb,2,0.13973205033347103
did:plc:lsex7xutyfwnguebxqwvzpij,did:plc:r6drdfmf5fzdtvuacnfmfiga,2,0.05974566425947152
did:plc:ltihy4tcdhx6gjmqrdhhfjnb,did:plc:z3tnrmcy34gnyvb3i3d64ucj,2,0.07481635643962035
did:plc:lvvmqpwm3vx6etts7rn4yl63,did:plc:uu2mjk4fjruzgcrbxzemiiis,2,0.1414591735697624
did:plc:lvybsa4fubd2qm3p7m26sfmw,did:plc:s6iwdjv6tqtjdwn2qi2koyck,2,0.20860542480062036
did:plc:lwkzcw64fn3ekczqg5htcxxp,did:plc:sgdzn4nnti4vp4vragar56a5,2,0.328426609666875
did:plc:lwlstngzzvms3tmdhosldjpm,did:plc:rpf475i3obnsumh3ikvuazt5,2,0.14178076925614533
did:plc:lwscu2zqmpig5unnpey25ylt,did:plc:wvkenawfyusoyzxqi3rhhnpq,2,0.0758340632037967
did:plc:lxlbx2pinazcksqab3bhgslj,did:plc:rgzxi423l4nxslvanpyalf23,2,0.052685395257960725
did:plc:m34iz2puiw5qs6tnazu6o7hh,did:plc:mtgffgqixxyr74lzadhxuxzy,2,0.006844695139911178
did:plc:m3d3c2pxfzz3oxc7dphdxqom,did:plc:rrt7jdlmydneyymonhyyexbi,2,0.16122652217464895
did:plc:m6ors5cxpp37uurdqncrvb74,did:plc:rdof2dsg4uyxn7j6bif6q5ir,2,0.10915953552690033
did:plc:mcetfscxlp4imfbqj7ykocgm,did:plc:rov4yt5g2qzspz5svmtfzb2n,2,0.09637716269705376
did:plc:mdwoedeeipycd6msvuifpbxm,did:plc:sczlmwrmzkn2haqr3hsmmdoo,2,0.09313995896648805
did:plc:mevmvjsibmrgonrlmnwdsi6q,did:plc:xbso6nekcoiyoec7ftif2nf5,2,0.011259292205445328
did:plc:mioa56etig2xiajuypi2pux5,did:plc:xrga646tzbi347nmnumvnfcv,2,0.16720915817369536
did:plc:mmljx6g6dlwd7ohljqprvtfx,did:plc:ubkgi3ts3qvr2bgwllw2egy3,2,0.11058922162112936
did:plc:mpvivcve3y2fdlw7pmq7niwz,did:plc:wgrh3fykmfcs7xozcswg4q2v,2,0.47516718640620265
did:plc:mpwajc42svvrwbxnuiym62vq,did:plc:sxxnhzipsapdm5inx44fr322,2,0.04543215384000798
did:plc:mr6s4un57v7oh5g4xsektieg,did:plc:wo3lxbcfvdptzxyvq3qt2rgj,2,0.15116735546079857
did:plc:mw7u3zqh6yfs4j6o644gz7ip,did:plc:sp3i6hnrny4dddwu4yvpreed,2,0.061346939219709
did:plc:mxoin2qurut6d2aljv7tljx5,did:plc:rozpagv2cu7dl5xv4h37c5pl,2,0.22297985342248958
did:plc:mzmwzibqsrv6w3zaamoyprga,did:plc:sjq6cmujypcmnpkpmibpjo5y,2,0.052518507988882114
did:plc:mzmwzibqsrv6w3zaamoyprga,did:plc:xqrqlxsfingcrocs7dut7rav,2,0.16211656139463318
did:plc:p3flfra5fhvqhwrm5jirb267,did:plc:u4m42b66fjtone2rqvcjarzx,2,0.24067689651928942
did:plc:p4wzljqxtbmn6iy3ajpsqpzw,did:plc:w5b63ubrl3kpz2aeqf5uyhoz,2,0.14360630819145598
did:plc:p7cpr4qmgnnsnvssbt47gaqo,did:plc:xkimrnvlqmzt7ulfhridcc5f,2,0.3725652670081561
did:plc:p7nwyupnq5i62oclsmjsmhb2,did:plc:sclz7362rbhurz7h6bf2jlma,2,0.10512684726015337
did:plc:prhrdnfjzxponrkvrhhsu3wm,did:plc:uf5633ljt2npyakdpwf24mvt,2,0.033824188461755764
did:plc:psioqvwpiwgbe45xkdq2te5n,did:plc:ss5uzqnxmxynet3o22o3ud4l,2,0.16389186542996426
did:plc:pylc5vslgmpu4i5yk6uisnfq,did:plc:rgyh7i7qt2c7ddiwpwpgm7yo,2,0.03016619348676557
did:plc:rd6vpzbif6zaip7r7gufu2a7,did:plc:sou2l3ku7f7diqskoqkfilz3,2,0.2619824036221803
did:plc:rf5slndjsuptzuqoi33tr6jr,did:plc:warhh6vmuem3bwu6rbmlgebv,2,0.1575470207618374
did:plc:rgxmmqyati5syjsjou5nkodb,did:plc:vgkcrdoeazgglnqiz3pkq3eq,2,0.08407869919375531
did:plc:rix3ofpuxcz2nvmavf4vrdwf,did:plc:vumfbdqyvabletdud6xwjxvo,2,0.08890760535796058
did:plc:rlwboxuuhaxwudp7iakmkoaw,did:plc:u4uya7oca2xqqtrsbttpq2ki,2,0.13784429415423205
did:plc:rnd5ottxa2goovopolwqdsbt,did:plc:uxv5dmztm4einzpuenrmpxyg,2,0.2904632015702639
did:plc:rqppbjaxej36v45gccg6j7v4,did:plc:xo45gxw7lyghrga4iy2rjuj2,2,0.10379882460693145
did:plc:rreekx5j2oj22zg6fg6bdpju,did:plc:xylnpwkhzfqsm7u2q7njlkri,2,0.1040704076544413
did:plc:rtc4q3att7stuobmlnwgukno,did:plc:s46nub3sd3wf5vvauejrux4r,2,0.16055915494806416
did:plc:rtsa65yj6j6azdkmatuckxec,did:plc:xalxqffcayyidntafmptzhta,2,0.33271828852145
did:plc:ruw7qfadawy74265oaeeey6x,did:plc:zmn3j73czbtcuj2ykz3apn2l,2,0.009794328823938043
did:plc:rxdwk2g6djnlxl4522e2gxvn,did:plc:vzqc23mfe4l25ulu3e3e6l5v,2,0.2471532931526697
did:plc:rxmdcxfvzooae6b5uvlofgf5,did:plc:ujwy3e4x4hyaztln2hgshcpr,2,0.22899350458863899
did:plc:s3kjthnvcqs3c4g53t2k43bj,did:plc:vfmyl7bg2qrnjsiqws4rruix,2,0.31676990991637716
did:plc:s5cvh5yfb7ffwte5qb7ky6zp,did:plc:zhkrs5dkqaxrwvg7xl3g3d4u,2,0.06818122506545685
did:plc:s5p44tk5p2iapoqautuhdn44,did:plc:ztguhtmgiyqr6lrh6ttnvvci,2,0.3423489870912506
did:plc:s5wiapmuhdqppcacqb4tynre,did:plc:zhdewkpm2s37epihexjjh73y,2,0.11445417614015589
did:plc:s63if7fvuey7hf7puo3puc4x,did:plc:vcg5s6yqgtgnxp5nr7rie2i4,2,0.05214351030304734
did:plc:s6t7hvr7xrwfav5e5zgfu7ua,did:plc:wnfg5rk4ewh6d6jzoytvq62e,2,0.1536139786472338
did:plc:s6xe6az7hzwuawktmm6sk5ea,did:plc:vounvt4q6nfd7cbra4emhov7,2,0.07774979452448784
did:plc:s7eg633qcrswkxuphera5zoj,did:plc:vnngprv3z5sm7b7cuzn6med2,2,0.025959241041888296
did:plc:sezgowknqnji3h2pewhrr3cy,did:plc:xsoucnnpbf4jehj7iju62p7g,2,0.04217765284978758
did:plc:sfkfq2zszppuebhkxdp3f4ct,did:plc:so34delczod7ccvorqgflcph,2,0.3047933187658299
did:plc:smmj6cow4m6wgtqgypsrhwbq,did:plc:xh4ozpkffmiqkd5ux36itrwf,2,0.22529520341516768
did:plc:srgzx6mpb2kkqrp36n7ebqfv,did:plc:wdnpl6em6dsoiyr46ite3i5e,2,0.005353997857994621
did:plc:sygtijmip3spzyatqmdroys4,did:plc:vh6ipwis24leibj7gxvhdqth,2,0.07802608820702597
did:plc:u4akeusl2tcw6gzwhsrdvkqv,did:plc:wxabhuo6wwdlqxbqk3hhxie4,2,0.3132235737769328
did:plc:u6nidxmpsrwmoryjwv7rc6s2,did:plc:wnbin64kcoprbourdui6vxg5,2,0.1345228272284556
did:plc:ubgbttynrpzp23dirfztsa5g,did:plc:xgbyek4gbxducghmovqzjazf,2,0.17716755620911173
did:plc:ubji6txf3gdzwztlt2zegzdi,did:plc:uzucgmkg2y5vbkqnbv2on7g3,2,0.023959299482480607
did:plc:ultxpzjhg7mpbbfl2k46gndm,did:plc:vn3xqyvepqinamtl72se3pd3,2,0.03914636758955376
did:plc:un7gtdaqqylfr4qvvaq3zshu,did:plc:x4g4laxkmsrczwvnvbbgsm7g,2,0.016626813005585092
did:plc:uplwtehjdyao3sc2dmijro4r,did:plc:zipphihu644mxj7qjafvwwun,2,0.12767416097708006
did:plc:uqnnvr6llj54pbd3bcpvnhmq,did:plc:whp3lnoglalzs5dcsxw25mhq,2,0.03384204400507004
did:plc:ur46cint3yxztzj42q4aqxjn,did:plc:wt3j6hqvygd2z7fcoejpq67v,2,0.3880508296024128
did:plc:utvscglhavsbd5dmdx6a5vbk,did:plc:x2ibtvdhjpxmk2atgb7wshcq,2,0.4079313511462489
did:plc:uyh5huzxtthtkg6htsgt56lh,did:plc:v5jltxkzlb7vmrzh3cud7cyb,2,0.3296598202986897
did:plc:va3hqvyuyh4sgvsmwtrpuem5,did:plc:xjc7mkotpenvhh6ffewkdpyn,2,0.16204048047700323
did:plc:vahnt2b3rqwdhce3ykgognl2,did:plc:z5nq6rgoydfdeew7yrg54wez,2,0.29961404116222123
did:plc:vct37ihqsz2unwyqh3qf76fo,did:plc:zhyknlrb62khemxm6klb22j3,2,0.20094475853995897
did:plc:vjm7x22ukzkpl2tydpywkmqv,did:plc:w3zqdtlydoh2j54u3ycnwtsc,2,0.014993118201690483
did:plc:vkgfsgg4mgyzh3vqkdcjwhuq,did:plc:xpfcmjpni7ztyoe5vx3xziz6,2,0.05282280830025378
did:plc:vuwtirvquzwgytl2hxhrabvn,did:plc:xbr37wt5sf3t4fo6j7a77p4w,2,0.03887093752379654
did:plc:wn6subrft5zh7iyscsmzzqux,did:plc:zcngssjhytmy7zxjv4d6rlar,2,0.2093323032948562
did:plc:wo3lxbcfvdptzxyvq3qt2rgj,did:plc:zslvaleuwilh6rwvlgfvgrah,2,0.04967392908357402
did:plc:wzuz5owkwpp55f6psqlw4iew,did:plc:zkity7ep6mo5git2s2tpmheg,2,0.27604972268223993
did:plc:x3ui2adxty53meflbdham5ut,did:plc:z67uou4cltafktjqnpd5xvnu,2,0.025749674504725196
did:plc:xawgamulsd7veojqwf6km7wa,did:plc:z72i7hdynmk6r22z27h6tvur,2,0.09059377030938946
did:plc:xlatjnwr7iuvnngej6uc3ufn,did:plc:xp7xywsxi5i3zlhldy27vsk5,2,0.1424416784232231
did:plc:xtnri6sf3ur76egadpfepyju,did:plc:z3ynkxizv7v2ltxltsnhn6h3,2,0.18707197378630397
did:plc:z7mxcankrbp6ga62mo427xrf,did:plc:zb4laifrt764dih7was2e342,2,0.21039294448088042
did:plc:22rjcbx5nkjvltwvsbpu5s2u,did:plc:v5rh3zhf4v6q4odqm44a2yst,3,0.5314976499425285
did:plc:256yhbn7xdhhyykkgcdjzwr3,did:plc:ias45qmwxpxko533hnki6uqe,3,0.27975761751315775
did:plc:25kx2oh4yhwpru7klsnmnfrv,did:plc:6nkng5626orolzuyvuzocl4e,3,0.048868735161180094
did:plc:265db7sm562y3622h3t62koz,did:plc:dc427uqyxrdvxeb2mus545mt,3,0.3032350226286197
did:plc:26cnc5l42jvqualc2vjlhml2,did:plc:34vvwie7t4ys6zrcphjna2py,3,0.35246026969819777
did:plc:26lrlbsttai5p2qi37u4hcbg,did:plc:6zdj2eo7jvnztnzpuhy527hg,3,0.06975372644660444
did:plc:27vtc7n7ejuzkn3xrxkl3x2x,did:plc:2gbhmvinasyhzywdnic4jsi3,3,0.4667161725145092
did:plc:2alknnddyrlnktgsjtmo3wxz,did:plc:rurihpun6bhkzxmcps6qsq7j,3,0.025998504806635778
did:plc:2bbvjf7znwbjgr24nxpcawdg,did:plc:mgqxfhaeepwqayto4wtczikx,3,0.22277427220708826
did:plc:2dzp37etqyuw7sbiwvwgslks,did:plc:wrni5ebeevtsz2oys375xqrm,3,0.6700468177197965
did:plc:2eyawe5xdffikdh5vepk7jib,did:plc:v7d3hkzy7wwivtifumc6idks,3,0.21156311660039356
did:plc:2fuhrf6f2gajlkk4tjzkgwgz,did:plc:uq3sf2tbnlbv2phg2my5pupb,3,0.5842188617686328
did:plc:2gjbiihcvui7m645tmsufjo3,did:plc:vf4flbjovx7bgju6lgjbejez,3,0.19253645000462966
did:plc:2h4jmp4a3ulh5polzvv2c3lg,did:plc:dyfvk5a6b5pdcrhd5thurfvk,3,0.19841948631721398
did:plc:2hltimymy65zl5ba7ifsq3qr,did:plc:wzsilnxf24ehtmmc3gssy5bu,3,0.21421575620435632
did:plc:2j3eltygm524uzpayrwgvjls,did:plc:ujwbnxamqodzkd3hmkcimone,3,0.12684938157268388
did:plc:2jas2nlgpaygmujrjamoftj7,did:plc:r776trckjmpfowvt3mcc4jue,3,0.2570572146873959
did:plc:2kmvpblow4pidsudohmmok2m,did:plc:vu6vey7u4ykhl6ymenaf6ny2,3,0.1484434096817649
did:plc:2kqrgkvxqufcasxkp5w3mava,did:plc:dretysjwh4zatnoy6e3rauay,3,0.06906141043676989
did:plc:2kzhajagibdc24g4o2qnjm5z,did:plc:penlruar42m4an4bqo773mxn,3,0.03770402542457359
did:plc:2lbg7npnbv2fjgeroontnvas,did:plc:7lo67jbhwnj4dlgfbe7wi54a,3,0.11958425848145114
did:plc:2lfbhlu2k7viw54qx7sggr6w,did:plc:ze6efa5hoqytalcycftzx5ru,3,0.12708932738121914
did:plc:2mah5wmpebxb3svdrlc3i3ht,did:plc:ux34natbhxube3xgdu3rhf45,3,0.07496711234214029
did:plc:2mk6mr6fwmoya6mkjqs3e7nz,did:plc:75dkgvlry7j43jx2v3po7cax,3,0.1590210275095454
did:plc:2nmnez4dnvpl7dwgf3f6vskz,did:plc:6nqex5psu2kg2yzqhzhq6d7b,3,0.11269114208585645
did:plc:2npvtdudtbzlbqzaqcnk6kkd,did:plc:i666vcgdfp3z25dybym4doop,3,0.32246295887803156
did:plc:2nxr34sl2h4ehoqtvi4fkgsc,did:plc:d3bth2mnwikjpijnotzf3scq,3,0.024715756712393008
did:plc:2pdwbxbjzxvkkz6qyxs5rvnx,did:plc:pwjplfsc5wpbzwntczvsk6g2,3,0.11560720678686115
did:plc:2pmjxktgx65acbvog45g5t5i,did:plc:xkqbrq7fpbaaqxivrk33eoq4,3,0.18965621261162896
did:plc:2poiuljs3q7hvmh2dztexbkq,did:plc:d4ibuty2goufnz7djeewpnn4,3,0.12524015237356373
did:plc:2pzssch22cnso5fvbs3477oh,did:plc:wv5oyzuuatuizbqifq6xcdcg,3,0.2188482681366515
did:plc:2quih4dvgzqsa5ih4o7oi5zh,did:plc:f5qplgka5sueizuk65xd6r3e,3,0.16657877332296983
did:plc:2qv3edx6obus7z26scoptdiu,did:plc:z72i7hdynmk6r22z27h6tvur,3,0.028740273809601664
did:plc:2s3mwwmxrn4tusvrxia5ygjb,did:plc:kgbezxsi6vqhypc6633q37mm,3,0.04098743816160675
did:plc:2s6ofw5in6bv7wcqnswlbvvj,did:plc:6vxdajtixhdl2zafbkghgpfv,3,0.16947723264106312
did:plc:2spxqxhzld4kvyrev2qkuup4,did:plc:6ahb5b6m6c7xrdclrxvqzlyu,3,0.06853522946489013
did:plc:2uvdlktc35le7nqmqfwba6iz,did:plc:7syfakzcriq44mwbdbc7jwvn,3,0.625608686572356
did:plc:2uvstslh5aj3pzuwpkxo7d65,did:plc:bmbrnyhvr23lzfhllfs6in4h,3,0.13529415527848682
did:plc:2uy7iuueieywhgr4rw6xhxkf,did:plc:p22kwjmvcskdsdz6ys4lquao,3,0.4575944345413323
did:plc:2x2bki3j2zqdbvem72b6kpkc,did:plc:f6gfdc4j4h7jbvs64lvpq2l5,3,0.2393201443664707
did:plc:2x5avykgldpf7ljdamsmluab,did:plc:3isqmbmiqrfllubqh2gyjvvb,3,0.11476899720429912
did:plc:2yb65fddyuhbi755lo2urhhq,did:plc:i3zog5k3azdbwel3ludf3xcu,3,0.27952987079784847
did:plc:2ymdr6f67jr2h4eo6mkqowhk,did:plc:fbfpq47esn5j6tjra2ue7pgq,3,0.03802633841009384
did:plc:2yp24rrr24pgws7tjpso5pmo,did:plc:r27hkquktzqguupumigfo672,3,0.5791854804894758
did:plc:2ytcveqreedof5jjlsoqaejy,did:plc:rlqjcnlfboxzu65352nhfqgh,3,0.09451890399964173
did:plc:2ztgboyuatqgo5oxuwnyozeu,did:plc:d5k7mp6ji2xyccsffyusx4ju,3,0.2676190110479928
did:plc:34xlsgboclhnakm2wbkjmmqp,did:plc:7unthsrd4c5wvug5c3wmp447,3,0.47820271931392155
did:plc:35dpph6n555cwwzyyd2yonnu,did:plc:67igh224momn2rf343jqr4fu,3,0.14485357806997332
did:plc:35rl33hwwnmweqczzagtrqhu,did:plc:3aisxixhmfn7d4yhtfowbz5e,3,0.2933077915734262
did:plc:36idptx4b2ywae363clurcfh,did:plc:xlvms3ysuwdtttxsrmtbinfi,3,0.11152673680273531
did:plc:36idptx4b2ywae363clurcfh,did:plc:zlgey7iof2c3aji3bm24ei2d,3,0.21285876768819853
did:plc:36tmqxxepo5jlx54peygtx6i,did:plc:hkusjcfpm5vac4lgckcjnhjz,3,0.010782388299208572
did:plc:37x2qvt3z5iwuyzusvnvlepi,did:plc:dehcuabwywm2aexi7qy6xekd,3,0.05045022444169887
did:plc:3c2ckyea2fk434zl44hwqua4,did:plc:w3wnj5nfcqxt26pmx3ajzsrb,3,0.4274877584052843
did:plc:3eueg42gb4r6qbjxderbvyk7,did:plc:lcprhfzckjfeap7k2mea7e7o,3,0.16041496399457167
did:plc:3fysldwd65hwh3luno2mqnpv,did:plc:dzezcmpb3fhcpns4n4xm4ur5,3,0.0797569242823895
did:plc:3i4lwg7xk3njbf653omehl6u,did:plc:huqdhngqgd7kepaxrk3chg2q,3,0.1292831904584278
did:plc:3j4uhi33f6uqxlokgjf5xdvq,did:plc:z72i7hdynmk6r22z27h6tvur,3,0.09859805372856859
did:plc:3jmyeogbzemncutln5bslv4o,did:plc:lketznefk3fy6cfcn33r5vr3,3,0.3319354885545359
did:plc:3jppdbsku7tv2gznttxs3uzn,did:plc:hodrq7ayu6s3oizir3uwhs2e,3,0.12593816144483824
did:plc:3kh626rvlqr7pml6nvphzviz,did:plc:utlncuems2dlfnngmw4kz2kd,3,0.36875076697185705
did:plc:3kpgydccoro2i3yv6tg7daku,did:plc:m7e3uy637bhoaomucutypr3x,3,0.24228312087158999
did:plc:3l2xonua3mykhuob4uobjjby,did:plc:vcybhm7p6upemgy33ti5667l,3,0.41878249532715583
did:plc:3nzyviwnmbkjmql2cvopvyxc,did:plc:fptusrfporiohbaxujz7uaa5,3,0.09922236327662541
did:plc:3ocybhl7sniwrylgnydxatwm,did:plc:5si2c3ftsohtttsrroagu5x2,3,0.14527344199685932
did:plc:3py4h6apbvcvizqepslpbml7,did:plc:davhrlhigbtgf6dkrpo4r537,3,0.06035392439742309
did:plc:3q47c4tvkmjazq7nbevcjoib,did:plc:kui3f42vf7p2b6j2xpnoyvg7,3,0.05048630966796182
did:plc:3ridrxy5x7ag7i3jp2uegcmb,did:plc:5fekrjw5d754kgqi2mzojhu5,3,0.30805418373628607
did:plc:3rrykil2ramntqrmjbqmp5pu,did:plc:dlhyozid4lessvpn5vzuft2m,3,0.027976471269471677
did:plc:3shcunnhefxgpfkab2qdjqmm,did:plc:idhgutdevopzvhklgoeya2s6,3,0.26762200270170633
did:plc:3t3tkw6j52osieqv7zmghgou,did:plc:fyhh2ttqkwepp7lrzqtamphw,3,0.23161718427787492
did:plc:3tqaqnbrjazexku6sageqizv,did:plc:776hcssquwcv2ihpptzvttxj,3,0.19430366000594324
did:plc:3vbo5ujg64eraxcs6pv6iifn,did:plc:iaplhbocmz253cubahzjsvgv,3,0.39004559117153687
did:plc:3w55izwxuzuusf6ne2qrs4ls,did:plc:6lwn7p6b7bzs7xouxv5gtgch,3,0.040437128259041104
did:plc:3wt3qdbtgvtuyzsfgvxjdxmx,did:plc:wbncdmkhqrfrjryolfwed3f7,3,0.31521823360347867
did:plc:3x5xw7zi7e6f2zv3p5eoxaf3,did:plc:xe6b3ibhdiqjccaqkrldlxam,3,0.18384886189630878
did:plc:3yol4lp5ll2qsxv3oe7losee,did:plc:i2qxztb5y5bxpxcce473ckwj,3,0.0
did:plc:4e22g3omfbkrxxi76mdbchhm,did:plc:5kda3zanvclexxdsthihrhzd,3,0.2698116704388831
did:plc:53rcyfn7qdyq3p2psxsreob4,did:plc:klexayw4fcfovseaz7vqjsuu,3,0.12264518020225951
did:plc:562rxwsv7v4fbojjx53uajgh,did:plc:rsqbaupinpl5b5bbgpkefy57,3,0.09018701558471248
did:plc:57phqtytmvdi2csnrtbsbhow,did:plc:6gus6x7o46guluib7nvucv3f,3,0.021284007633019863
did:plc:5actjj2cxwehhly4t62worej,did:plc:vc7f4oafdgxsihk4cry2xpze,3,0.05375459857620154
did:plc:5apf5goejwtvmlfxeukgdyxn,did:plc:xfhfk54ksqqxp73y5dta44sy,3,0.2632882259201108
did:plc:5apm7i6qrkkmza5v2ilym7wi,did:plc:ksygczmgwek5tcdly2nrhstg,3,0.13991945464946381
did:plc:5cbbl3fhtwlfucgwjyuuuduw,did:plc:xbjnnbvsvituh5wymw3yj65f,3,0.021608340444540894
did:plc:5etbhjkn3ukpy2rghvzrxqza,did:plc:iib3nscaayaiqe5t2jvjppyk,3,0.2634620224109335
did:plc:5exs3e2vemaqyjwtrbxn352b,did:plc:uzovbjcgbiwtqmojnitwxyxb,3,0.31742425290193277
did:plc:5flp2tkc65j7klicorto72ou,did:plc:hwooviwqvmhox3pdiksrudur,3,0.05076518197334432
did:plc:5gnkpgtabey6k5tb6egcnr7w,did:plc:mz7wq6rd4gsl3y42ign6fgnb,3,0.36055632564571427
did:plc:5j4xcmqmrx337hdiffizhg2m,did:plc:5zd3fcdpe37aizgnwvgs4jqg,3,0.007485940279378932
did:plc:5ldqhnk4quyil4mie2yjg2po,did:plc:i4egibc6pw5b44l4cwamykgg,3,0.08114446476811922
did:plc:5mvssmrriia67h5qadifshbz,did:plc:65z7pjsloqhwspuob3j7qmfh,3,0.11224730972683165
did:plc:5ncsk2xbggimekprtwlozxes,did:plc:wehsziuzdt55fuftwszuugf6,3,0.0786708060457559
did:plc:5o2no5oxmt7tqcwc6pbdsc3x,did:plc:llnywnduedurn4bx7rnphw6y,3,0.14378222188726275
did:plc:5p5krxh2avhtyszneyo7uwwt,did:plc:dizswmzgmjtk5zamp76borwi,3,0.09906436914638354
did:plc:5qlqqxcaq3jlzwdnk2yzemng,did:plc:ueynvztfyfevgv4qfolqjiqk,3,0.18153910452210031
did:plc:5u54z2qgkq43dh2nzwzdbbhb,did:plc:wyuo7v7ns6s46un25brrjc7t,3,0.041332904305842647
did:plc:5wjsxocx52oudoe5hcenu5le,did:plc:p5r466hwg4ndcfix55yu7cvt,3,0.16174599112183952
did:plc:5wojx27gtroomd7lsrsotou2,did:plc:du75h4b7ck2vbq37yu2iwhsj,3,0.14476466491421375
did:plc:5x23lphexynrrkqlnikuj55z,did:plc:fvzkql2aqtbk7qmqjkoo2lv2,3,0.24766831375943288
did:plc:63umjc3jjqrv77hc4eehbvw7,did:plc:x7nfsduh4b6irxxitusj2fsr,3,0.3148315848754262
did:plc:64zs746vw3ttmnavwiwq4uil,did:plc:keompcicensa7aig3isdr36f,3,0.11100087737275618
did:plc:65efwieas5vm6crkpzheglxb,did:plc:w6c5moqce7wnzy7huexfoyk4,3,0.2182139107456934
did:plc:66w2des2djumuvbnnusbhfuw,did:plc:vi2grzfali5xn5rh2ny2n4d4,3,0.08366224794417018
did:plc:6dahtf4ujk6bfny4jx7xtf6g,did:plc:xyetirzppkyk4vjcopvaj2hd,3,0.2553202510427272
did:plc:6gmj24tsngypeis72ekjnow6,did:plc:mf5dzzqkp7fnmby6blfeljwj,3,0.12242444544458622
did:plc:6iskodvunf6hre4lki5vi3pu,did:plc:xsvngm3ihhp3apxgutfj3l65,3,0.18723561645880565
did:plc:6k5cuwrftfbvhzfuslqrhf32,did:plc:utoncswurgktfdhpfqnaraoj,3,0.11500687587125863
did:plc:6ldxjbxhi4jyituzpehizamg,did:plc:mhy6onxwhwqvxfhwn3bqi6pd,3,0.23275024630366295
did:plc:6migbst355ja4sgyll3atran,did:plc:xqmwpqq3z7w3benqpqpzw422,3,0.25254387790102184
did:plc:6mso6lz47pibhr755ahlx7cp,did:plc:uiic46yxsvab6ux7s5jpwces,3,0.14212585495731556
did:plc:6mwa4st3piteik6sgimtrdx3,did:plc:z72i7hdynmk6r22z27h6tvur,3,0.0807598402410207
did:plc:6nqex5psu2kg2yzqhzhq6d7b,did:plc:unim2mwjbwskn7w2numgiouh,3,0.10539773994000415
did:plc:6nqex5psu2kg2yzqhzhq6d7b,did:plc:x4ubvxem7jb64ftutctxzztb,3,0.3340706728631804
did:plc:6ny2fjyywzwdm4vhvjyirkmg,did:plc:hteblo7w3ggyqjt7utz6jqgu,3,0.1414094975088848
did:plc:6obhyqdeod4v77cjdjhuosgo,did:plc:mbasukia6ihhq5o3tu47a4uo,3,0.25818585197387267
did:plc:6oblddgkppfvk2ly7kxlaqob,did:plc:kt4bhv633uy7vv2urlgwjm7c,3,0.1801763856824302
did:plc:6rf73ntaixgh6lgl7lypt5a5,did:plc:rqbdyhuucf7m7jw3yuebrot6,3,0.29078364317894584
did:plc:6tewnuwxz3yfvspl6sesl6qk,did:plc:v3wkhstvs65xlsyyagwjbyiq,3,0.09857508353850496
did:plc:6ti43nvbwxhm6zsnrlts7zv6,did:plc:s5ip7yvimamph6xh43bxiqnv,3,0.10691424864425865
did:plc:6vpndvlh6xzqcgk6jswpxqvn,did:plc:wqtrx25wypkd4gbj2vq6c32h,3,0.18474516747128528
did:plc:6zjqckyjiy6m6vlun4z2aogh,did:plc:7renc455y5ozu6qjkce7qdpc,3,0.03482313536926272
did:plc:73dpznbu4wqwtcyurwbiulov,did:plc:zemcfvacpjggoeffwjzbj4ql,3,0.0776167354604681
did:plc:75cf2lkmqovfcklk7ao24o4h,did:plc:pzm7wpeakq632l3qzuvj2p37,3,0.08506469488214716
did:plc:75uk6n6lgxnrfp7ngfaqymmw,did:plc:valmdcnzmi672oxfbacgs5zr,3,0.28403123238096034
did:plc:77jpuykuoo2shiisc2kxrjua,did:plc:ii3qq7lfhhpdb4dq3aqw6nqj,3,0.16325541878681957
did:plc:7a47nphhiy37rrori2vrrvo5,did:plc:vi2grzfali5xn5rh2ny2n4d4,3,0.06549415864321557
did:plc:7an6vzly2dqjct2tl3rwkdv6,did:plc:mcmn6dpuu3ysvznpw2xr7imz,3,0.2710912007017306
did:plc:7asxd2llq6zd3c7petre4473,did:plc:xf53ujprnmfktaxb77fztor6,3,0.11272123689191588
did:plc:7cjhv6c4bg3akt7qdrz67tlq,did:plc:ze2wbvredzxyg2ylp5qno7up,3,0.2675875948734967
did:plc:7dqczc7w2nts6lhignw7drfm,did:plc:lotavzt36yanhfy3j3gpysyj,3,0.13766661419908377
did:plc:7exlcsle4mjfhu3wnhcgizz6,did:plc:utq5txoqgh5d5gqy5hs577ad,3,0.3378562433492497
did:plc:7gk35tkrkugkdcqdteviyara,did:plc:smy66gk2wq2v66un2h5n44of,3,0.09050911622720291
did:plc:7hsoacbdjowtebxexltcbnw7,did:plc:uui3cxluysjw52sfpuqefxh6,3,0.1459866325671904
did:plc:7i2hwsf5sdj4iww65t22jn4n,did:plc:ifkidt6g4xjmaxiutv2qajzt,3,0.2830269825233259
did:plc:7igkthfscmolwhaexyywmzqd,did:plc:u4ma73ixrc6sp7kluvhdmabc,3,0.27313869141887814
did:plc:7kxndvvuc6cnhvrlf6c4tfin,did:plc:sfvkd7mmhdpilq6zwiomisqe,3,0.02887405964615703
did:plc:7l7ve2ildbuee573lkioquyp,did:plc:uwj7rbujb5wydrl4dinznls3,3,0.2864386213369008
did:plc:7prh6raya2ntwnpyzte5u5hc,did:plc:d7ztwdzlcpvnf6lsve4gj6bp,3,0.18901569141054542
did:plc:7qxriuckxoeilvnz22tqvruv,did:plc:vuuah6mjwi5x7hb6ax7j3wt5,3,0.11820107582288962
did:plc:7rkfzwjcknqozv6piqsrtpfo,did:plc:xg7ilydzuq6nelxpmwcaan76,3,0.20183062693847303
did:plc:7sexvwsafn4coefvajtwc5hp,did:plc:zkwwmwb2o6ykdqgpd72h7vgn,3,0.31429128384086796
did:plc:7tckobd6ml35ghebd2caqwtz,did:plc:vsiflz6gxgskwtxhbwvimmbh,3,0.3259205167785125
did:plc:7v5hy46exfn7yd23dund3lll,did:plc:impimixpts3phjr3i7szm3mb,3,0.1548957146169641
did:plc:7vjf4ldyoapf4fvodd6upxkw,did:plc:r43kne4jkllwr562f3adora2,3,0.12590185206841137
did:plc:7vjpifaazunnri7io6hwmc6j,did:plc:wcoqx2vkbokzb5uhqyatgtec,3,0.7310281041710438
did:plc:7w7agckft746srx5kcu25mdh,did:plc:dioczrkhp7ee5n5egow4d5cp,3,0.1167258765094277
did:plc:7zdwrpgywt7y4y63wzb3dpho,did:plc:umzhwoj3rrduf2x372oqzvfm,3,0.21392628723515172
did:plc:7zfoy4i72mvodc7o5xjab2ar,did:plc:ppzg4fcn6e5gy2ca4ybmu4q4,3,0.29349744409528483
did:plc:7zruopoeztrmrse53d34d72z,did:plc:xjr626275hkk2qseghj4z7pm,3,0.14327000733143938
did:plc:d2pmubk3y2wthqbm5vuw6frc,did:plc:lzykawmcma32dptwhcr3vzqr,3,0.44490737205068875
did:plc:d3a5l3z76vlszqu3qwtof5js,did:plc:zjxnf5za7jomhkyrjgqcadtv,3,0.14322308694766595
did:plc:d7c6uikjhwmynv6btymjctgs,did:plc:sh2nij5euxn6skjq2b2aqost,3,0.49939215354823396
did:plc:da3vqxwkqjqetthakpcnqfog,did:plc:h2eiwjv5p3lfrolg2g2mif5v,3,0.08998614481613038
did:plc:dd3hvkvb2vpnu6zdzuu3ogzz,did:plc:dua3kl42nv2ggmpiqwzvoqlx,3,0.304591959288654
did:plc:dedexs4gfrcjhtgb6dwtxyoh,did:plc:uxdbj63al2m2t4dhsniond3p,3,0.0860069850192634
did:plc:dg4u5mw6sw6gjew5gex77vxf,did:plc:m54uia6helmagjh7q3npmbdx,3,0.04362001773430618
did:plc:dglumxklwkeug7jgxraaropa,did:plc:z2zccnuq5ei3brk7l2yixk6g,3,0.03480960819851394
did:plc:dhmv57swdmlnj4xy24waoder,did:plc:z7bjeu5za5xetnbxsampkxjq,3,0.08443482348187727
did:plc:di2zqibmz7b4tz6g2jrlbi6q,did:plc:fejz45nagdqytyrvyvhkx3hf,3,0.4749605436636785
did:plc:dkcsbqdaipybdturs2pzftwt,did:plc:fvxclku6vjvaim2a4rdi2xwy,3,0.004594940664338429
did:plc:dkcsbqdaipybdturs2pzftwt,did:plc:swknwdgyvbkrbda6fdhhwefj,3,0.036810064169200414
did:plc:dlgidjqzayydrl7cjap26w4p,did:plc:kkhgb3tvxhqkydblrotnig57,3,0.0922701911215775
did:plc:dn46vwpspuhlcvicp2ibvbh2,did:plc:undtvf5x72sxmajd3dmqkosp,3,0.10062633041194934
did:plc:dnfj4kr6wgdfdqv6sfcbyhnk,did:plc:loyxcs72nx2bymaeog7pewcb,3,0.1020998240966895
did:plc:dr6cavavqbbtzeknnl76tp54,did:plc:u4e3ugcg3uu22nuabhofnjza,3,0.06605720884034033
did:plc:drdkuiw4po3zqrzxy6xb2vlk,did:plc:fizf3lkatsrrybpojkqgbjg4,3,0.1481810254905748
did:plc:dt57ssk3lo7d7s4ybe57iczr,did:plc:p6geckilqo5ovmuu4f4g63il,3,0.0743185248865908
did:plc:dupbkjhpgooj6rdumb2xv6jf,did:plc:fay3vsq3nf3yosthnxanlov3,3,0.4547379398889505
did:plc:dwd3rw6dcmugfr4qg4gr5zwm,did:plc:sl4cq5nfrcbphdahzeh7otww,3,0.35307493071565
did:plc:dyizhlimuxqrsoswrl445i27,did:plc:hwnzdavv6by3krzljkx2aiwh,3,0.1087563752299644
did:plc:dzyvqslle6o6insk65wwtjjx,did:plc:z72i7hdynmk6r22z27h6tvur,3,0.11808841512317444
did:plc:eclio37ymobqex2ncko63h4r,did:plc:xjxary2uajvk3r2jfwlkonuh,3,0.010265087205584146
did:plc:f2jsppok52krxzkathjthekk,did:plc:r7wj6js4zwg6d6ppuruhbks4,3,0.32280204445210003
did:plc:f6avy7jkujdhusski5n64joj,did:plc:htgmyyiuwnalmolzra7ovelb,3,0.22877060724153042
did:plc:f77kvodlaoji2c5lyrsw7xdy,did:plc:fqdi2wyyxwfsj73au66tdzln,3,0.06896770580693079
did:plc:f7utvjkqbgwfjonqtpfcf5fu,did:plc:uxl2iqfaiqvjxcqinv5an6ke,3,0.1503461048786125
did:plc:fgtmou2ajowvg3syriw6tumg,did:plc:hoj627nc4fjm2bnpxnpj5uj6,3,0.1318119953268601
did:plc:fii244urfyyxxwl4fhccw2su,did:plc:wgdndzcsqimerx3qnjbqhiek,3,0.04138058549012718
did:plc:fjup32xe2bl3g24nvjgpbbhh,did:plc:x6gjn3tt2222ad4sximjudxk,3,0.08964248378889657
did:plc:fkjc74rwhzxymijalm7avjzp,did:plc:srf7ufcppwxvrspp7rerj6ui,3,0.028777800392029616
did:plc:fkl6nf6t3ff74z5sv63oiyww,did:plc:vgoqwcb5lcn4z227mfntg5eb,3,0.2797315147685714
did:plc:fnptyulaxc6npzevp7lel2xo,did:plc:rplx2zno6r6mtlglty56xt3o,3,0.3411234184205899
did:plc:focn4vkk2uqwfd3hbsmzi4ou,did:plc:zfzdh7uoundlzfnsxekzgkrb,3,0.024981489793993963
did:plc:fpe3u5kgrwkiew6zdrqpbk25,did:plc:xliv26vliwc4f46az32g4pm4,3,0.25389909142474487
did:plc:fpf2y5icovmvy3foilimjtip,did:plc:lkyhqocxaxemokytpa42ghrc,3,0.08565665603708389
did:plc:frpjchamdnest3ccfrpqfqic,did:plc:mhvcifilgmnpdf4lgki4n3vu,3,0.06862730202045843
did:plc:fsu5b6v4nu3hzgugxhgpy7o5,did:plc:xn6mqvj7c5inu2knl6pg6wi7,3,0.0826457669451438
did:plc:ft3lmcinfukozta5fb6gqea5,did:plc:ikbu27w4h443ygss4g7ynrhj,3,0.3184969448572645
did:plc:ft3lmcinfukozta5fb6gqea5,did:plc:iq7hmhsweuvbkasnllnqi6ok,3,0.35092230300593974
did:plc:fu2lgaka25q6r6d7nhqhbjy7,did:plc:mnvzieollmem34v7izlrsotz,3,0.18566419227812386
did:plc:fvp3prnp5fpiizxapdl3njp3,did:plc:xa7ccdpdffos2w6ifmse66ay,3,0.6650507449956529
did:plc:fwd4hrdx5czq3wkijqq3zann,did:plc:ri77va2mts66vduj6zeq4p4o,3,0.11680278484042375
did:plc:fzn7kaqcjzntastt2xxwspsx,did:plc:v2jd765gjnyua6ooqqhyqy3s,3,0.2687778843383272
did:plc:h6jzqaucffzmtn25n5weos57,did:plc:iy2rov6ev5czcvsz762bvm6s,3,0.15044064000711507
did:plc:hcl7wnoahato37mvexciej3a,did:plc:vjwyktlg5so2s6di3q6ntfqa,3,0.05441241524895786
did:plc:hczviiqcj24q7b3illzfjmmv,did:plc:rtsmx6pozn2d5qnsxrrk3x3n,3,0.35321791738267594
did:plc:hf4htawd64uqbftoudxcicrp,did:plc:rh3rd65obpbgpjqigi32mhjg,3,0.1649089152740129
did:plc:hgph24khpyyuqne2dgnt53yx,did:plc:z72i7hdynmk6r22z27h6tvur,3,0.015032987253365502
did:plc:hiesaubim26xrfvwowzuexqp,did:plc:v2f7ps5p7yd3b45wd4qaarwr,3,0.25617276515510634
did:plc:hlldgj3v6bhyd7w7f6bq7iud,did:plc:zrmbwgdyzzxbzccmmgiceatl,3,0.07439680199670815
did:plc:hmsaxea3uy2jasbuikky4v74,did:plc:pkcxeu4xh5uhroqv7cgtaczu,3,0.2695985668273659
did:plc:hmxbx4buv4rl7azaf6qtpafc,did:plc:ifwzpvqnmum2wxirthovr3nx,3,0.17773779308850918
did:plc:hnkrwznvhuwriici2kdxsqft,did:plc:vtun3iezjdfigkswwoncaegq,3,0.4352426578448425
did:plc:hzqgg3ue2fj2xylyf4z3l7wu,did:plc:kgjzhofop4qhrvceb7ovjozd,3,0.20028894028468452
did:plc:hzt5h3ttlyorvxm4p5fxzpti,did:plc:xnelr6wsoy43fo5xviuoieqk,3,0.1851053533407729
did:plc:i7qk7m4wloyitpy6fsbiazvx,did:plc:uewxgchsjy4kmtu7dcxa77us,3,0.240436907260699
did:plc:i7vcpggtelioscqkmtyfkox6,did:plc:zdtwkgbmyse5udw3eh446dds,3,0.09802727037846486
did:plc:i7xnmt5qdkpac7dfccc4lpqx,did:plc:u4jbbvlwmgky2kwothmkfovv,3,0.010820264859949354
did:plc:ieajeqhptpfpbhhhut3rpr5e,did:plc:wlfgkrqjmfa45pdhidb22xbj,3,0.10676360518348137
did:plc:ieeksuqubr2a5stetxsf4qtx,did:plc:wdq4w6oyr5qloygtnxjlw7nu,3,0.0623430484164076
did:plc:ifzmelichjvsesc32ejc2ryv,did:plc:uayn567czegflhht6t2jym2v,3,0.041111741855025544
did:plc:ig3djmomvzw22zddikiul66d,did:plc:ulpvietgniersvmtm7qztshl,3,0.1369708012354731
did:plc:ii3qq7lfhhpdb4dq3aqw6nqj,did:plc:iqputqol3m6h5ix3hlt2tzcn,3,0.2627844770884278
did:plc:iiea6cxuwvfp2ooj2bnbv5eu,did:plc:pmiedwikouvpwtdfvndv4mji,3,0.33746694144798706
did:plc:ikmu7o46nate2j4qplgk7y2r,did:plc:smevpztrs6k2b5rnwkwkiuut,3,0.09748676825422914
did:plc:ilr6ocjnp2l7wco7t7vbhfxi,did:plc:kioxvfsr2k2djkoxcmlkmjwp,3,0.2480963265423582
did:plc:ilykd23raxa66ci45mo6zbsh,did:plc:wip7olfj3x5tmgtbabwowrzb,3,0.06604821364944627
did:plc:imuseqzxgklbm42jf423l4yy,did:plc:kejitfeh6fkyhmh5frmqc34s,3,0.21062166342992802
did:plc:isd645e6mnkwxjdxkvq36sxr,did:plc:uyemf6niinxjzirk7pbzzt3j,3,0.19621357074647017
did:plc:itcjt5iogtepkxhlm7mw2gk6,did:plc:m34qmg2pzig5pmujgocfw5of,3,0.22831617557520897
did:plc:ivehz3xw7gesxdyezb2m5m5t,did:plc:rxvhe7ztmaieqqch6gpckwwz,3,0.142672515072777
did:plc:iwmwrotmhiu4tzjael7cidlm,did:plc:vc5mil2ogvxoh4gju4fv2gtq,3,0.10765381938447731
did:plc:iym2aua74arh4kk6bd24iiqg,did:plc:srwaw3mpb7yuzv42mrhdbna3,3,0.21408749655341708
did:plc:iz462pt4vnpcdultohol2qon,did:plc:mahsjqyoqoqtpebhtjw5wdvl,3,0.1840895526239757
did:plc:izhwsjxjck5eaccfaz4vldrg,did:plc:ua6l5skdcbkbu5nd23qp6oni,3,0.1266946628251876
did:plc:k5nskatzhyxersjilvtnz4lh,did:plc:kql5znivmrqhcztnm26zzfcn,3,0.2566674269617881
did:plc:k5qt2m3vu56ngyvqtyhywpi2,did:plc:s4ib7mnvwbu5l5z2amtvlbd3,3,0.20291495420696248
did:plc:ka4klvpiqi6w3oplpoqmvvep,did:plc:zm4d4nqn3tdrwqkrotwu4xy7,3,0.11474766909515863
did:plc:kawa2d6h2ouvch7rh4d7y2g3,did:plc:z72i7hdynmk6r22z27h6tvur,3,0.006966344384170965
did:plc:kbmqjynnltwukwetpaua4eft,did:plc:vljgfzvjl3dkmjgsjmdoaidc,3,0.48927759062904297
did:plc:ke2kkzcr4cn4slwjpuu63wdb,did:plc:z72i7hdynmk6r22z27h6tvur,3,0.01639175545134376
did:plc:kf7muwmd2qnalpezydyytm2k,did:plc:zsbquicdm4l647ij3wmegwei,3,0.7051874669105842
did:plc:kfj6letvntutu4ctr6dkijn7,did:plc:rmmqwlqwovzzl3b4vqfcdczr,3,0.14562478946431634
did:plc:kfjxcrzi6qirnhgidw5drl62,did:plc:m72k3vkmvsd366xzbuc5chnw,3,0.15342784284007022
did:plc:kft6lu4trxowqmter2b6vg6z,did:plc:xsy533zyukoixuoq3ukqdbud,3,0.02505766080944199
did:plc:kfwtulbx4xrbhvbqvr6utlwf,did:plc:p2tgip3qx4ntqn5nksy5uwdo,3,0.15637531938569543
did:plc:kgidjq5sfhiv7ihvb2epsyqq,did:plc:l7sktldehmpoidrgtqpre2zn,3,0.7545592223641225
did:plc:kiulgmu47lpnvxz6qnk3beeh,did:plc:zlhe7b4nzwqkv4u3rbrhlkos,3,0.1883679030150766
did:plc:kj7pereotufutudxm3cjdbsa,did:plc:lh4y7lpidxmnjx5y4oosx6x5,3,0.04666916593705995
did:plc:km6p2n6sfi7ejl2gvt7bmd22,did:plc:vbo2j7sdywzamwf7cdsedu7m,3,0.10726320988410223
did:plc:kn4dz4f67maytvsbcnbry36k,did:plc:z45bsilgbevbobfnytjxcoll,3,0.19095778761667703
did:plc:knu5nleicti5xeh2274k34qg,did:plc:pjiafkey2cokiupsxpswqlk7,3,0.19585354889788267
did:plc:koroq5qxqheuhswvklge6hyf,did:plc:wpj5z24vsmik5ocqjybwjpso,3,0.06064289644135586
did:plc:kosjh7qmi6nvwgueswipsapj,did:plc:lq6wgt3qcyog37cw65o5c277,3,0.020010572351553235
did:plc:kpg35l6fmcupxcuechyxmc6w,did:plc:lafbr3dznxdyvgup2umwssht,3,0.142484113365401
did:plc:kptddmrndbfzof3yzmhdg3fq,did:plc:mnvzieollmem34v7izlrsotz,3,0.18541739124480494
did:plc:kqbyr4gqt6p2l57htlsa4nha,did:plc:uuivpw6pzv2xmcwbiejotvcl,3,0.09688102087702753
did:plc:kqbyr4gqt6p2l57htlsa4nha,did:plc:zk4o25hzsohzvjb5htadyjht,3,0.1465289342230509
did:plc:krmyd2b6pvkef4vblckxmc6z,did:plc:lpb5eec5u7usbh5eqztu4gde,3,0.024671052921667158
did:plc:ktzrpifdy6jmk3ppmrtpufzm,did:plc:uyh5huzxtthtkg6htsgt56lh,3,0.08465423248752042
did:plc:kuuvmilb4l5lza5glpforl7q,did:plc:w4f6uyyiucht2wi6p74pzxti,3,0.36010392906694
did:plc:kww6ueplmrkqjdqovc5kktll,did:plc:vxqlhaoy7ajn6vhxogsvk227,3,0.4682492885777958
did:plc:kym5w7pcv4v7xbz7lvbj24na,did:plc:mf5dzzqkp7fnmby6blfeljwj,3,0.22199562571555181
did:plc:la2hkiubvcem3346j46hfuue,did:plc:s7x7kup7sufhdgfpktj3ww37,3,0.2568652710839854
did:plc:lccxohtyftxspuuirhv7s4ss,did:plc:xl3w4e5jxslqeaglaqit2ql3,3,0.04422920500167257
did:plc:lgn25phlowvn7l4pg6uraow4,did:plc:s4mm4lrbka3fyjuecejnxj7k,3,0.11442155027077873
did:plc:lhpy6yebrwxbhpls6xwdtkrj,did:plc:xntu3raqucko2o66vdea7xw4,3,0.17014332419802097
did:plc:lkrexoxfcjsl2cmljydekfcj,did:plc:wir2oetdgfeccxrehfphllnc,3,0.10793331553480635
did:plc:ln72v57ivz2g46uqf4xxqiuh,did:plc:lp6wfrs3wtfklh6nfr6ksefh,3,0.2813130867663812
did:plc:lokvx4djr7pc2rbaqvvxpkjj,did:plc:z72i7hdynmk6r22z27h6tvur,3,0.007612643665301484
did:plc:lqrqlpguce2k2zouglzv4uhy,did:plc:vaats7pht5zoubxm6zaxq2zd,3,0.04587233705544827
did:plc:luta6c7n55pzwwpixmsybwcl,did:plc:xacyi6ukh2pwisxp565klkm7,3,0.41950980103390845
did:plc:luwdtb26l34hjt4x2rdeeshx,did:plc:rq5ofpye5c6nvfupy7wys4bg,3,0.12737714100540948
did:plc:lzcccsg2nqbensr257u5p4dl,did:plc:xd2al4ujzt5m2okdgdinatrb,3,0.015356760736624538
did:plc:m4lr6dwbd262yj56hj6flwuw,did:plc:xvikkiy4gg5r6fp7p3h53gtx,3,0.11508921732213076
did:plc:mc3gycbiotmlmoiohp35w6cj,did:plc:ve3votflkpq7734i4prlxsyd,3,0.23967978304900922
did:plc:mivfmd2qyxfadrkr6fa7qemd,did:plc:rpft2t3mxaxzdju4ehoc437i,3,0.21123833658769922
did:plc:mlw2kryvgibcgaa3xhtspueh,did:plc:v54k3gt2dcjehyd33xmsbwqe,3,0.26490925212985206
did:plc:mnm2mri5k4vu72ld67v6fgbf,did:plc:xthfrsjmikovkc2gtfw6n7fg,3,0.28140089661488515
did:plc:mspnzw7i742qvdbevh55vwex,did:plc:v6jwpvxohsvi4ohoi5n3b6gc,3,0.10791674384288204
did:plc:mtm2mybmilsty4oxk3rzwdpj,did:plc:poyftr4zdnfbirpx7xbhfesx,3,0.02458395389848948
did:plc:mujcims6vgcsnrdyyoesyykt,did:plc:pew5ihcaaay2lnw7gnuzsulo,3,0.2386627335293554
did:plc:mvs7s6xfnt6fkzuc2ud4qmsq,did:plc:wuq2vtcvw7oqatlt2m5mnr5n,3,0.008140383966003542
did:plc:mw3xytd4vc45flxfvideremz,did:plc:w33ltlm5zmrufvjol4zdxlv6,3,0.4939644959083286
did:plc:mwzyz46modoiwjv2rbkiwbjj,did:plc:xhbjh7nfzzupgxubv3j7xupb,3,0.2334390276151691
did:plc:mx2psjx4bmhoa4fld24c6gla,did:plc:p7gxyfr5vii5ntpwo7f6dhe2,3,0.015528070392713192
did:plc:mxthckaw4oi725h4dbfsx3us,did:plc:zl7yevhfe4stpinqnb2jcmqq,3,0.26311632995304873
did:plc:myz4qtglm37ozwyhgzjeswkp,did:plc:vro234fzkqmpqzr3awzlfsa4,3,0.0568750216335974
did:plc:p7gxyfr5vii5ntpwo7f6dhe2,did:plc:wpn4kf334umil7i32axdddxq,3,0.1399646522210525
did:plc:p7l4zzjj4r3zkqlsnfdymrjl,did:plc:rlnys7ji555au54ncoeti7qd,3,0.11762687546738751
did:plc:pi6rzl5aj5rncyv3xujoii4a,did:plc:uh4lwdyewhh733ktuqgwsr4w,3,0.043884630600055693
did:plc:pikc7bti55piqbozjlagwwhb,did:plc:xygokclfjh2uy3nnis4z62i5,3,0.09923578181188737
did:plc:pkwsc7j4b5lgnnta3gpaik6t,did:plc:pno5e75isryny7bpm6fu24k5,3,0.06288967545030734
did:plc:plla3i7zproko3ekdnkoykhe,did:plc:rdlfqhwdo2ui36zrfhtiktos,3,0.08219141219494305
did:plc:pmcrewdmq3q7hicbqjn6dnr5,did:plc:xghjmebnrmxfkdng4l3tvb6x,3,0.18084599378410976
did:plc:pn2acb3qdmsazd5jkfsbhmsi,did:plc:xnyu4b4f5z4ewrpiekrlns7y,3,0.06037012344590288
did:plc:psl3vtmvduvmmy336lqcuhfy,did:plc:r5zxramzmbadhmtlfetpfdx6,3,0.15869518876731054
did:plc:r65zt3s3zhbpr7zko3zegjuo,did:plc:xywfzvzixbv4pca2imx4ryho,3,0.1271723235065395
did:plc:r6lis4rsbefcqr5h4tgmvvld,did:plc:xfyry2gmh7j3hm6hkfu6apiu,3,0.15287416889845368
did:plc:r7eukixxfbgsrydmayipmos3,did:plc:zipphihu644mxj7qjafvwwun,3,0.09461790234448827
did:plc:rchueuu6aywjpoilzo7np3hy,did:plc:ui3ijhundgqr3qaj2waw7rdu,3,0.11879292617830983
did:plc:rdopn2vl6kmck7um635z45dp,did:plc:uspjzn6z3hysy2467ryffzzo,3,0.031158334053416635
did:plc:retapjgm3w4l53dxqf2qcetb,did:plc:sioeztc3ud2jotsgdgvqxbbo,3,0.1411672779725855
did:plc:rgodionjwmmgp7bneq6bilcy,did:plc:vvhukfekrvmw4rev5uazvo4y,3,0.009025372192565079
did:plc:rgzw2gfpyanm42hqkxvewh7l,did:plc:vc7f4oafdgxsihk4cry2xpze,3,0.3992140737725868
did:plc:rm44j2afizywu3gaszdu2mtv,did:plc:w3xevyycvef7y4tqsojptrf5,3,0.20470025992791632
did:plc:rm7jbueodxxlsiytztengchy,did:plc:sw7f3v37hcnxj3424mxg5iqc,3,0.1130665173581718
did:plc:rmul4rdmhgtdenzbfkptemv7,did:plc:uykaq6m7lde527pyjhlty65i,3,0.28545904619271234
did:plc:ro7scxxzsfj2mzykye34fq3t,did:plc:w3xevyycvef7y4tqsojptrf5,3,0.045523289501256364
did:plc:rpqaufpuj4zs4qpqd4r33hwg,did:plc:vcsuma4t5z5it4scbszv7jw4,3,0.1604091228341413
did:plc:rqatnb2hvhqwqzii665gd2dt,did:plc:v4nzafmgafdwinsulggkwxid,3,0.1529793059803726
did:plc:rrk2yp76h5aftkbkhbp5irhd,did:plc:shr5mpzc5wdmenewhdrsfj3x,3,0.06189989280967181
did:plc:rrnlpjjn3i5w33nyh5w3whja,did:plc:u5cugbv2yiqp45sfnu6fxbwg,3,0.07833359378466441
did:plc:rsiolr6bxnnrq4wpjqhljuz4,did:plc:x2urdgrdrm5yuii7li42y3k2,3,0.1709955976330418
did:plc:rvyp5nhmexzz6y3fw75oriqw,did:plc:wxlckvprehv7gijweql2n3am,3,0.07472176811279689
did:plc:rw7u7xswqiobimxqjzjrkh37,did:plc:ufu6mmhwbtwvapkw5y3crpgz,3,0.6813052473182857
did:plc:ryrxx7hrokmj6oybgpgbtqn6,did:plc:za3el6pzdocsaaqbkiytfkcb,3,0.3086481273379017
did:plc:s7eh37wsqb6uit2uyzfh5yeu,did:plc:zxivhwhohs7fouxq32l7i5pb,3,0.059789047539733846
did:plc:s7soaepovbjzupe4qxayfppj,did:plc:xyddpg6usmgh2t2jgf4e37yk,3,0.0722456093258328
did:plc:s7ydx6awexflozjgysqfdmlm,did:plc:xi6eg2cjzhlkpeae5ur3yiyp,3,0.04060866178407356
did:plc:sdan3zzb7vdigcwv6pmy6wcg,did:plc:vn24w6lwjkogkiditqabptmj,3,0.046375101893897
did:plc:sfmwtdoyhmphdazqtve6zdv5,did:plc:zxsokchlp42onjpuo7c6c7vw,3,0.03224081916964966
did:plc:sgdzn4nnti4vp4vragar56a5,did:plc:za3mm4squsjm5j5gdd6qg7j6,3,0.22287076639967937
did:plc:skh4266px3uvzza4mpcn6cx7,did:plc:xlwoongcg5bckynac6rxi7w4,3,0.1443628734685238
did:plc:sonhpp4ob2rqth56oskj4mns,did:plc:wvotpagvotmx3m7yhtuoicum,3,0.0561564281955761
did:plc:sptpxfakbx4m77w4t2hkxcbx,did:plc:xwrwne4kgdwyfuacb7ammlm2,3,0.46823686265630377
did:plc:spy36hyglm2cert5dzl6xphm,did:plc:vzn4axfjsaxegrxnd55digqi,3,0.10617564999053347
did:plc:sqhzgq6wypykucdqievme22z,did:plc:u3qtwr3xni67et44ip5vov2z,3,0.16403590454835287
did:plc:sr7y4nhlg6hpegdpqim45drl,did:plc:zmutxa2wn5iod44sxsa4v7gh,3,0.25710096819376344
did:plc:sufedrpyeicttrgekktvejny,did:plc:wjekbgxnpdvs7jz6d6mbye43,3,0.08763077938700507
did:plc:svs66x2z265vd4xygwqlnuww,did:plc:xm5tniuvzrik6xgfsf5rcuyw,3,0.15513680676780878
did:plc:sxocf42v5qjue6asvygqg2wg,did:plc:wmlghchu3nzpe7hvcgpqlu7a,3,0.24063197174661388
did:plc:sykhg6laaiigff5ggt4535tm,did:plc:xaqaia3cjm2e25275dldmkil,3,0.31177920835325884
did:plc:ua7odpgc75ojefmueekesjb5,did:plc:xfuubhrks6x4tzuhcqohqmzs,3,0.17458496484079294
did:plc:udlm3lozfe2suyuttvsrevgm,did:plc:zfmwo3xvzum66qv4k37tyzue,3,0.030587786245215545
did:plc:ueitl6lzxgvekdhu4uir6hdv,did:plc:woh3db4bx3tnuddt6tpp7yum,3,0.08157254126153808
did:plc:uhw2lyozindlooiwjriuddrv,did:plc:uqinsqkuq777fhsmvg3gcil6,3,0.06294372372145113
did:plc:ur75hsiorr4s6l6bxqsnssej,did:plc:zkpzzuogdz35fhn57iq5mgfs,3,0.1306892297278314
did:plc:urjkjifd5vjsq7g4dzx44gr6,did:plc:xudxrz36fi3wdqxw4crno5eh,3,0.05516755197827329
did:plc:uzhy7ehjh7lwtardhgtza6ab,did:plc:znl5wrnh42x644ritdl62ovs,3,0.061242356381521756
did:plc:v3zwfbbpqzbo4fc7nc3ldzbm,did:plc:w4h7knqioveio55gxkyvzpwr,3,0.20703405687874554
did:plc:vc5eaogyp56pfqtcduwvjvrn,did:plc:z5zyzgpbho6einlj4eduiiqv,3,0.04703977956780964
did:plc:vc5mil2ogvxoh4gju4fv2gtq,did:plc:zymfqzl5avccmmcxrtvvxmjs,3,0.09541383781025216
did:plc:vcu43wx7eanikezcsayulz2n,did:plc:wyonypnkmaqvqbfhotdchpri,3,0.2876948011226042
did:plc:vjxt5u4c6gzcpgnr45v4rltx,did:plc:xzmsbwlrwj5xiych36bezgtd,3,0.014773331397493053
did:plc:volmzmrqicivfvgnhopjvnvr,did:plc:zjdh7dprw7yb2d2rhlyxeznl,3,0.11959719085446108
did:plc:vzj7ppf5ccsg5l7sdtkahjhe,did:plc:z72i7hdynmk6r22z27h6tvur,3,0.11614014179899089
did:plc:wcmdstkjsrghcsa6e76kocbs,did:plc:wnm3vhw6qqhsab6sm6xjcsgr,3,0.3929170119374381
did:plc:wehpwli2hjsyej7w4jr3z4gz,did:plc:xmsayeggfiacumbyvnj3ejnj,3,0.2310385894726985
did:plc:widt5upyy6uevzv2n3ehtred,did:plc:xinso5nzzhsfncnr5rtsoqba,3,0.09405290446000616
did:plc:wjatbj4hiinxfqaeixaw2bcp,did:plc:zgamjyworifc267qbvrwzcc4,3,0.04335632099740995
did:plc:wkenwystadau3ubrnouzaym5,did:plc:z6s55swlwsmq76th7qaszrmd,3,0.09075750330452424
did:plc:wm3xfrjdhw3p7vtf35bh576v,did:plc:wuiysp2xn2erfgbfd7eviamh,3,0.10361097906931808
did:plc:wovfeu2jgwq6bb2smkfz3vgu,did:plc:zmpgccecj3npsijsblvmi4yz,3,0.2217050259910427
did:plc:wtvie5ehlynmap2njw3wykw7,did:plc:wwc6t6tikzhqngwlxorqbdfv,3,0.045718041434401314
did:plc:x2obbaxjktznf67mnhznpplp,did:plc:xav3zyko74nb5mwr4cng6ngo,3,0.19903592252874758
did:plc:x6kzpc4g2sl2s2epwdnj4xgt,did:plc:z4erayij4bgy4dyjw7c232ua,3,0.19725066634029792
did:plc:x7t2xn46fg37lv2uuuqp5gqz,did:plc:zmcnreuzsmeursqalmlrepma,3,0.2830483263904952
did:plc:xgoqcqtkd7v3vwyopgzrgyfp,did:plc:zh6qyngursr3ovzqygmtsxbq,3,0.06305327173590788
did:plc:zgfdkvc5yazbz3uzi3to2egm,did:plc:zktv3qwn5fo4ms6s2izctyri,3,0.09473294116830093
did:plc:22gl4rbpkgcoxytuhphhqofi,did:plc:uewxgchsjy4kmtu7dcxa77us,4,0.29817798887206104
did:plc:22hr43jug7e6bpdqhas2s74n,did:plc:krr5dg4nng3igajz7laeknl2,4,0.0
did:plc:23crkvjargq2t6pyo5kvvczn,did:plc:mslbtsotntdi67w3w3pnhjvu,4,0.13233779262290446
did:plc:25mif47wir5eezsmn56gvyd4,did:plc:2gmc7lsrjmpczoiotxfteiyt,4,0.2637141014450287
did:plc:25rxxg4gwmika6j3m677fpsc,did:plc:i4cn2zodwda7qpms7yydvjpk,4,0.06704367352848309
did:plc:27e42jixkhe2rd3e53b6uhrq,did:plc:ubrpmpg7taxlf7lccrh55m66,4,0.1799585969693277
did:plc:27eihnclsnjw3h55w53g2ur2,did:plc:6m7vjravwwgt2or2svgs73kz,4,0.09233981009680464
did:plc:27w7ydu4wk5roxmhqhxw2zjh,did:plc:kdijqeyaxevx7r4sosehywg2,4,0.16514555888053603
did:plc:2aiipqemoobrrilfx4jbm6pb,did:plc:ieluoyrr7apgy6rw3uo5zk3v,4,0.38026728355651696
did:plc:2aqyawjcddcbyzqekifuohr6,did:plc:kpgoa4t3vngkslegcdrhk5eb,4,0.08371473856047412
did:plc:2bxrl2gbr32lzcz3bxbb7dzo,did:plc:lhpmydwi7f2ych5wegikswgu,4,0.3614852159136256
did:plc:2chpg3o4dlses2cg44otjnwd,did:plc:2l3gtndaukginfn764xx2lp7,4,0.3603446476263348
did:plc:2ckl3vzefaw67myy275e7kz5,did:plc:dvzugc7moccevchiuyu2ujfa,4,0.07698522523781476
did:plc:2eo5xascoc7cxz3sufw2mto7,did:plc:7jofyghhfgbncm73tboeag6c,4,0.47203610926213646
did:plc:2et5dxb5wl7p2qo635an2woy,did:plc:wdsph45atlcqevvqw52impvu,4,0.18539333021168164
did:plc:2ghfysk3fqfumiz5sq5z7jys,did:plc:67bjvv62aumiqsj5hrqewjow,4,0.08207551265127988
did:plc:2heq6i5e4wrb4rvooei4fuyj,did:plc:izhxao5rdfmmaho532pf3c33,4,0.24048880710494605
did:plc:2heq6i5e4wrb4rvooei4fuyj,did:plc:phxvjc4civo3rgchsn6edmdw,4,0.18000498807676002
did:plc:2hhok7lwxn53wslaaimrrfyl,did:plc:5frltstborntshe7tlyeocci,4,0.34180449425246295
did:plc:2hltimymy65zl5ba7ifsq3qr,did:plc:dn7id7lvwkjlx3gulmco5lay,4,0.2028902323047741
did:plc:2i2iy5ve4exw3nvyreimq2pk,did:plc:wzckifcqv7wvlxrp6nrszgyh,4,0.1708024979860267
did:plc:2izqxwlmw5rlkgfmiron4rpa,did:plc:34ck66imolbzgap55it344lm,4,0.08975308762488483
did:plc:2kpgkv4xcyduvylimyapgcj7,did:plc:6ugkxvqsesoyn3o2kurefjkt,4,0.4484742299668914
did:plc:2kxet6eo7fao4bdehzw43bpq,did:plc:wlvwanatoten5ecz5gfswlkn,4,0.11993340761097492
did:plc:2l3gtndaukginfn764xx2lp7,did:plc:hbxm4evew2h52yp4lxkk4t2x,4,0.37981641320164505
did:plc:2mmbtabj23lgougnspwbz3bo,did:plc:wyiganxewf3s5gnsq5wudrsy,4,0.20229968245354552
did:plc:2mmx4mclwjxi7w3amqwojzex,did:plc:xiiuucwkicrth4egrip4cqvi,4,0.009507398699264978
did:plc:2n67y4ygoid7nwmv6ztxboeq,did:plc:w7q2oszwe35iwats5ok7s7yh,4,0.19839559463583428
did:plc:2nfexzpaqiyscshuda2gyqzf,did:plc:p6jvpfjapl2ukmnyxmlamu4a,4,0.2559518621442066
did:plc:2ngo24vkouplzovfnie46oqy,did:plc:wj7lpw2s65cxl62bsrpdxc3h,4,0.1480888399427097
did:plc:2o63jq2wilf3mtdepzp6yqkf,did:plc:3sadlphnzf5f2iu3a2jhjq26,4,0.17946802308315807
did:plc:2poiuljs3q7hvmh2dztexbkq,did:plc:7igxkylpj6hjmv6erhac55w2,4,0.19213522776166791
did:plc:2rajuktui7j2k7keuefoxsti,did:plc:m6zpxh6owkt2y6ulknpl76vh,4,0.08071252241144579
did:plc:2rrp7amblhg3xoly5n5huiqv,did:plc:3iskvrdczp2e2jp6k6dgg7sd,4,0.45303660129202794
did:plc:2vtbmhmrwzbqcfv4we4uxzzt,did:plc:lvgofxnakofmb4aoxxjgyayc,4,0.4519206072769276
did:plc:2vzcu36gunyur64zuj245hvl,did:plc:s7sfwwycpdjxpy23hxu2ik5a,4,0.09868407135280235
did:plc:2w6scpw2iqdbzsuyo3qkffh2,did:plc:lqebjw5ttvn5d2zxzbghz3wu,4,0.10799973496070031
did:plc:2xmyvvah336otkoum3awqxgp,did:plc:s3iznzxjoflbszduuyqpsiui,4,0.16003669807748305
did:plc:2xslipmnvjxwl64x52l3zmdy,did:plc:i22xocqdy6qep6nvxptsfaqv,4,0.020099406725260942
did:plc:2yq4f7juaruw5ytv7pr3hbit,did:plc:7kriu4no26v5q7y4vdb4hmom,4,0.09134522222190092
did:plc:32d6n2h4nwuwfgt6rlmfs2pl,did:plc:zw3n3kn2jrn3qqtcsirugqfk,4,0.16811189887712888
did:plc:32ylproqm62ed63u55id4pyb,did:plc:hzl45a35phqsnp5h2e2gpc4s,4,0.5381075389934971
did:plc:33emr7te7w2tl3e4yixkci6j,did:plc:km35vahuq6zxajxcds3k64dy,4,0.08858167311736781
did:plc:343sqbxch2gey2auirj2t3qb,did:plc:ifr2buam377yuglgfxoxv5m3,4,0.24466517142285082
did:plc:34lib4u32uqt3fbigrcunhvl,did:plc:vezymarg46lbwhkcezimhxun,4,0.1248474566559109
did:plc:34ximvt6wmri6tpo7kytsmc2,did:plc:rfixmqbspb6j7ej6fla64hgh,4,0.38167306683435387
did:plc:34ycz25gez37qdp43skwlegm,did:plc:kydhrk444koasjtzeyx5356q,4,0.1569085019020607
did:plc:35rxaake25rm6l6fwx74ptqj,did:plc:iiwsne5lbrs3eojv2jmehoe4,4,0.06213286780237313
did:plc:36kbybzhwfi6gmpoapwiclix,did:plc:zjbltf3d6faattoyglgdyd5j,4,0.1316628254250492
did:plc:36ktig2rcdrf3dsqvsvjs5dm,did:plc:yosojsta3nm5qiod5zqixzur,4,0.15978881381137006
did:plc:36u7q44brhmwgqqvobzlr5wk,did:plc:7ejda3pjlyil35eyqjwoplgv,4,0.09551659889584779
did:plc:372a3ctntanea5syjktzikjk,did:plc:7ybgs7eqqeayrzey64q7k6oc,4,0.0714046184471304
did:plc:3bqvbzpwgi5mqeqs6qlym26j,did:plc:lnapbhc6j7bau6t3cjvvnpbl,4,0.3164394796634348
did:plc:3c3dmasc5bk635hmxpuv3nrj,did:plc:h242zdgfvp5cvngvvtj7qhlh,4,0.18356377535669766
did:plc:3ciiz54ywxofkufg2cj5iypk,did:plc:l6e2y5nxu5rc36uc7dzv6ti6,4,0.2026734524845189
did:plc:3d5qsupkuls43qoareh22odi,did:plc:i2kzcrzaictkwk65hl54uby3,4,0.05309063924749017
did:plc:3dy6xttodkmml2c6crmm75ps,did:plc:kcva2cegmmmoquwjxrumscz3,4,0.3938603513280716
did:plc:3efcfr56auqmdx66sgnxkcau,did:plc:6gwchzxwoj7jms5nilauupxq,4,0.21029271712745656
did:plc:3g3ftjxhvhjkda52vqrnifcg,did:plc:v2nkbzonlxbz4vgdt5btoat2,4,0.1760378455098468
did:plc:3glgxlntzdmxqs6nwzrwx3jd,did:plc:mwjzfjsp2grq277agvlzp5wy,4,0.05319950472020429
did:plc:3gxyh4elwykcdnpci7gmqrvh,did:plc:lxm73xyumeuemj36oisadm6h,4,0.44843147989556925
did:plc:3hohfl3wpisej2gtmcnkxvrx,did:plc:fjhy4pmtv7ws6to53gc3eesj,4,0.02866602876062363
did:plc:3jkjbngiahrp4zumy5wylfap,did:plc:zsqdl4v6caperkxkvr6n2oxx,4,0.39717938888982196
did:plc:3jppdbsku7tv2gznttxs3uzn,did:plc:xmlz3ovyv2axfp5khqe3yk6w,4,0.22996261286041308
did:plc:3l6h5tayy6vycige2igmorv4,did:plc:uz5apa2z3jrxhjjzqw5qik65,4,0.3945226057861747
did:plc:3maidn5qsvdqm7gz53du2d7h,did:plc:wycyhitn2ldb4dbtnwbi5737,4,0.3233389790117309
did:plc:3mm652pia2re3ti6zbpie4sh,did:plc:igfz4wtiio5fzuntvo6j6vfh,4,0.12033910703636787
did:plc:3ne3decwrfkd744nxj5g36yb,did:plc:52fwbgytbbvx7lbeho2gmwgs,4,0.19851075233633209
did:plc:3poearrvhltizf3iyfoiuspy,did:plc:6ipzkakhdmpjod5k5wbqjhfu,4,0.056003855173558555
did:plc:3pv3xjtaidyjlovzknuztffc,did:plc:xbzhibi5bxhtb7ospvl5ljct,4,0.2621400689117496
did:plc:3qfvl5yl6kslgiqtbuqzwsly,did:plc:72lrjwp2jzr2qkzandjfpxvk,4,0.016362472023057198
did:plc:3qtlqet3u3rbpgdrgltd6bx3,did:plc:rpft2t3mxaxzdju4ehoc437i,4,0.20500801148722902
did:plc:3tqaqnbrjazexku6sageqizv,did:plc:riyjry3d4gqogbgse6u24mcu,4,0.20346794904806298
did:plc:3vyl2i7k2fuk7lbnmlxh3vof,did:plc:mhv2xhksfn4hatwxobv3w7vr,4,0.0
did:plc:3xzjap62gnqz5fa5xrcej2sv,did:plc:z72i7hdynmk6r22z27h6tvur,4,0.07817628629347036
did:plc:3y22cl7opsl4ctazw7tcfcth,did:plc:wa5pv2iete2zgdhqoteucdhm,4,0.1042553005479457
did:plc:4fvbdr5zqt7b74qllyg2vdit,did:plc:l2gltvva47ln43hdkcvados6,4,0.1963536226912203
did:plc:4gnladeclzdz4lpa64ciqixf,did:plc:h35j5jmlwtbmecqbn5zpvsix,4,0.2873696969240246
did:plc:4lx6nur5wstwoc4wtgj56kyu,did:plc:rqmamsksbfjw6yrk7zdjf2qz,4,0.09655197641271117
did:plc:4lx6nur5wstwoc4wtgj56kyu,did:plc:wgajzv6y7pkkzhtyb2if5c3y,4,0.2980185198952934
did:plc:4xomrcwkntgm3yh6rilnkor7,did:plc:52ecd2d4or75ecwgcuw3cg3u,4,0.2457715418223414
did:plc:52mzflj6mzqm3xw4apzsp6cf,did:plc:xpyb6adjnpkml7ik5nocbjtb,4,0.16968991812652
did:plc:53sx62yzbpklgsdesbxojn3e,did:plc:svxfs7pwhicfa6ithxfqgpro,4,0.24733945639762533
did:plc:54v4lr23pftxiz4e6icykifi,did:plc:ivnxut6whm7t5ol3b7ogoc24,4,0.3397978513271328
did:plc:55wgjvxhsn4eydx2etkktvds,did:plc:mc3gycbiotmlmoiohp35w6cj,4,0.29174526902688835
did:plc:56m2uyw5xg5un2sxnta5fqup,did:plc:pbaaelwaezgvqyvg3er45cfu,4,0.09330838453880205
did:plc:56wrx7xzotwkgehojzzv5nph,did:plc:vn3bjhnjl5mi242yxoh6x2fs,4,0.042952588481297245
did:plc:572yoxq7xo2k3i6lgqahenvt,did:plc:fokgtu4hkq2yzmybpako7qgp,4,0.4488196088781169
did:plc:57dzrzaih7shvfiwrflkv3mi,did:plc:kwekibzo27s7mr4qaifx7d3i,4,0.22578574176365884
did:plc:5ajy4gdrywfohfi6mqzli2wt,did:plc:7a25qgdelbfhjo7b6t6wochi,4,0.12449152485381687
did:plc:5blh53mqyigtjpwcmh4nob7r,did:plc:zijpzw75j26esk5z2oilexan,4,0.08154313445457503
did:plc:5bxdq7lugx3y6upbfhhpv7ct,did:plc:dizl5cy6ze7g3uhzflo536dw,4,0.11250321703376578
did:plc:5fw7uwwbq7yqbuydub7l5wl7,did:plc:do46s3u6h22vzu6nogkm4rc7,4,0.36591045047343085
did:plc:5klap434eteydsxvdydtqkf2,did:plc:iqpfgxrbv6kzxpbhjw7mo57g,4,0.14232951474376454
did:plc:5lu3aoiqzikfdpvv3wo77r2w,did:plc:zm73cu7qtduh6xyvthiecmdf,4,0.18794665130631297
did:plc:5mypawzxushv474ydwexfswy,did:plc:xbhy2z2mcdo7y6nxy7s7foam,4,0.17706262646598753
did:plc:5nrneebc7b6howbud4c3kzq4,did:plc:hgzghf6ejvgycy2xb235lfgk,4,0.03467347484774621
did:plc:5pxxrr3l56dzqdmdtwoigjxx,did:plc:mzge4tbkidiebwpl2jqfro7e,4,0.08407556356344394
did:plc:5qgk3t63cljskprqxedsny6d,did:plc:wkatrv5wbnmrq7h7jtuobzyw,4,0.059680472584478644
did:plc:5safoqv4vfqvl6jint33o2pk,did:plc:ul56lnn7m5cngmpj623q7j6v,4,0.25426011205994997
did:plc:5uv42nnfpjf7tenrd4d725ci,did:plc:d6r64wjhqh2g3zpgv5r74ivs,4,0.1930734900106717
did:plc:5vu72bswn35jav5fls23uokb,did:plc:6cxybub32cqnedyd3pz2wozk,4,0.18909097264393043
did:plc:5ztorr3kwaiqz2nzdhn5nmjf,did:plc:kj2dbconx2mgduyszuvc2yhf,4,0.032425692766338096
did:plc:62cuohm6c6nefpnw4uujepty,did:plc:sykjce6e3ll5g6ev6evkcy3f,4,0.020242609836895065
did:plc:62gdkmpwa7xme36getyqnem3,did:plc:pqzawnxiavpqsvdbx2usd3tp,4,0.1095232764179234
did:plc:635jjh5hpphnvqtlwjzftz4i,did:plc:x7hvipgsf3olqj2scs6vnfsx,4,0.30553885912596074
did:plc:63tiygot2ugpfxc55p272wxk,did:plc:h7afwewxzhpawrr6uvtqclvc,4,0.07782442148562291
did:plc:65rcphtyk7wnrqiziqzkt5dq,did:plc:h5izddlqb7btin2kqy7m4wez,4,0.16900428100699125
did:plc:66zqxr7hjupczzogxkxxtcqc,did:plc:6bjvho52neu6j2vf5prgfbal,4,0.2104778613971111
did:plc:67sgrcep7m7prszickzkq4ee,did:plc:kgjzsib2gx4fowiz3qt7sed2,4,0.06495246675159129
did:plc:6alnm7rcx7fnzlfo5qlto5rg,did:plc:vwffpqkzw3i6wcp5x2o74zzi,4,0.23833842515995188
did:plc:6c45z5sf3rhgrupy26iqndmc,did:plc:uja66mvpwu7wewu3bh4ruj7n,4,0.051426842593066784
did:plc:6drklcypjc46mg677vkppkwp,did:plc:wnp3d45ozp6m7qisg67rd2vm,4,0.47241739659260895
did:plc:6ecbpqlniln63zhp3fguywqa,did:plc:zaizui5psuqf75ogotfaokam,4,0.35956816243325185
did:plc:6eksl3o6bqflokfhic4iw4y2,did:plc:xingdchqf3kbnflrjnizlogf,4,0.07045907760462508
did:plc:6fngkrddttlolqeebminzupm,did:plc:leoqc7bnjyypatgq26ggqgl5,4,0.006447467709491138
did:plc:6gwj2xhj7wv5ajf7ahfnimjx,did:plc:6jdfepnjq7bi6ga5c4y5lpxv,4,0.02851361002797337
did:plc:6ht5cj2lcw3kt7effuil5ppp,did:plc:slmvxlepsqid4j2swdta6nyr,4,0.06988472048993238
did:plc:6igmdlkcgloxmbmqyoodzf32,did:plc:pq6u42pkoqzq5w5cxq4gxskd,4,0.16770220031927033
did:plc:6ixhocm5tk3fsqbclrbq36mf,did:plc:ki27quedk633w437xz3smlys,4,0.35216398577711494
did:plc:6jccchzvssxyvecxiffiioxz,did:plc:hs2xbyd5yypoi4obckyopwz7,4,0.07809920406638707
did:plc:6jivfqx4v7zep7uuhjxl6not,did:plc:i2blrvxhdn5ssaf6dkzhk4se,4,0.1679499409505782
did:plc:6jlbomemyco4izyhgtjsmkas,did:plc:mwg2nbdn7lrlijznri6xk7rv,4,0.5900297131155654
did:plc:6nwm2iwjuw265xm5az2pekby,did:plc:ukhaigpilraq5laa2pdmrwph,4,0.3920018569626049
did:plc:6pjha55lk2j5vw7azpl5tf7z,did:plc:vwq6eiifsbt3gu5ivktt2v63,4,0.175617298371259
did:plc:6reyh4rmd7clizqhhlyggouc,did:plc:7cqhsy2f6v3kcdtsfnfiilmd,4,0.06384535877246472
did:plc:6sfyrn7jbnxzyyye7sv5uwyg,did:plc:wnm575vslb6o3ktzb6jnp2xt,4,0.2999920109635986
did:plc:6tl7ui6wucdhz3423xeo4ogt,did:plc:shh25yefkucxhmhda3dcumg6,4,0.1595849287296343
did:plc:6tva7ibr24b6qix575yuzkp2,did:plc:dk3g4zke7knva5yrjgnh4gd4,4,0.26756071247715946
did:plc:6u7uvssjgi5xrfojzxyzvz2c,did:plc:dicki6buxnhxjeygsgu3fa5b,4,0.39449281058537833
did:plc:6unzj62hui7dwzmx23itgkrq,did:plc:vli2bot3i4vsyfwpmmomeeju,4,0.025735551206543913
did:plc:6uqqv7asv2xsxwn224tyexng,did:plc:xjc7mkotpenvhh6ffewkdpyn,4,0.23941335327489707
did:plc:6uxnjzboay4f737pqujcxsfm,did:plc:vuetmybwblfwrgbixjqwzvn3,4,0.10147139221942796
did:plc:6v7h3x2krusvmydoigvi52og,did:plc:pjpnni4ihvevljybrdolax2r,4,0.001573868420840237
did:plc:6wffgwooihzwg64qdkrsei4t,did:plc:pshpak7p7erdbjjqngzdz7z6,4,0.22938494993442984
did:plc:6wnefgs7o6v4dbo57m4hu7oz,did:plc:rmrjtuwf2hjwtrgmqphyngrk,4,0.03740022620830229
did:plc:6xwnrsfql3hhjklzpytqdwdk,did:plc:wsnk5bqhsw2hk2cpmmd55ngo,4,0.1595939363655031
did:plc:6yt3uef5k7lduzp5p76txrgj,did:plc:r6rapstyaqqbwsjnjoelo4f3,4,0.10853414711625481
did:plc:6zjmqg2dzm7rntyiuewhllsg,did:plc:vwt464jx62mjcpyaql66xx75,4,0.02896112000766699
did:plc:72l45sxnp6e2mtbqkuhwck5e,did:plc:foc5o2uismlhsdpytcimpc7i,4,0.06779742920627184
did:plc:73eea4lge5jsl6wo22i3ss6u,did:plc:pkjuygsv2ylz4m63grsxkyzh,4,0.18524194206331612
did:plc:73gabcbbtayinq4rydcegv3z,did:plc:pem62wrrsrugyapyyz2ckdu4,4,0.18310845282519334
did:plc:75ghpdqfdblzugc5sucdmiko,did:plc:u6mkbcgviwlbhuwqirmhcgu3,4,0.015427906356506833
did:plc:763rj6jh77mxeptu3batqc5t,did:plc:uzejkiw7r33grrlfc63hzg7i,4,0.16633182411988562
did:plc:77ppjuqgdv26ih3do3xemv73,did:plc:h6pyl5e2cdtdlulmw6ubhc6c,4,0.149218175559598
did:plc:77vqcvnz2wpnqseh7skva4tw,did:plc:haxnmcmknc6ua3zjmjijxzwv,4,0.37559484928483466
did:plc:7a6eqoyhbtmkhqphfesjybq3,did:plc:vth6nor3jyocbspcnp7ckmcp,4,0.09883266352015499
did:plc:7b3puwcok6xelfol3cfcb4ne,did:plc:7eru4djoxmryem4apfngxwva,4,0.206946515321242
did:plc:7cxajedjlprixadojaym6u7x,did:plc:vc5mil2ogvxoh4gju4fv2gtq,4,0.08283045102460694
did:plc:7dg5ljfjv2jjp3k6z7vljkg4,did:plc:sgboskjh2jm737lb6zdfsbdj,4,0.3534631684325837
did:plc:7dmiwvx4tieo3uisoig6xkxe,did:plc:xgiwtxbtt6xc7low5vdz7dq4,4,0.19234989513154677
did:plc:7dvk662kwgifek4hk3zdooyz,did:plc:r6vamkf7iva2of644wrzfdjg,4,0.10713008560236222
did:plc:7e23cl5tksl3f5gztx5xzq7p,did:plc:i2eg72xoxqlsdmxc7pxgpbav,4,0.14599636889360756
did:plc:7evbcf7du2v3j7fmnte5gcdf,did:plc:lia4ywzl2c2kt4dn3kzbywog,4,0.30356538363287106
did:plc:7ggc3e4ux44k77vdhmxvtik7,did:plc:zpz7lpnau3kcuknunw277wni,4,0.11377480880504617
did:plc:7ivtunnboqdnda7qmiy3d5vk,did:plc:rrn4yjbcnfshlshyshn5zhmv,4,0.21142152459918429
did:plc:7jfrawpcttlwv3wv2iiunhzi,did:plc:retwvnczikmpvtb66tvfaufg,4,0.35094524158926055
did:plc:7kx4vsqfbebvo4rtcngjmgcs,did:plc:i7ce6kgw75igvbrllypadj6i,4,0.17166304702540947
did:plc:7m3fhwl7xpp2u4cgkvn7whqd,did:plc:ln72v57ivz2g46uqf4xxqiuh,4,0.23502588349068465
did:plc:7m73axxudcnntqz2fwqokx5b,did:plc:fpizusfn3voyncl7qlr6xzsf,4,0.08026368303856873
did:plc:7mqcgscfl4b6lhkez5wxubts,did:plc:wv6ml2iqv63o2d2ycs5lmnw3,4,0.06623247288103179
did:plc:7nyee3kbexheycz4wjhbe4fi,did:plc:h5zkfkc35wkb53udnemrica5,4,0.4337179037193851
did:plc:7ohbpsgbrk3vclq73ciutfmv,did:plc:dc6klrbvn4j6nopohoipq3b3,4,0.14159711942096398
did:plc:7pwalto3fnpetzbtfbybarue,did:plc:f2nh2a5ldz4rwzti6upqeidj,4,0.1598100484940845
did:plc:7qqkq2zdwq4j5jingukgtuky,did:plc:smcufj2uutj6d4xawe6uhqs6,4,0.3171346002356918
did:plc:7sdtcpcoriny3jf5diwdhwao,did:plc:wkatrv5wbnmrq7h7jtuobzyw,4,0.15528575321633598
did:plc:7t4vdh63qejxnw52x5iutmte,did:plc:r7fndalufd5y736frulaxoik,4,0.10909862800235726
did:plc:7upoypvlxudsiv4pzbi5jtwf,did:plc:wvittqu37lj7vy62s7b67xnq,4,0.15574457743123588
did:plc:7uvbeqv2hdbdzwyj3fhd77tn,did:plc:lylbhufas622wbi25tmbln6r,4,0.22515570093049794
did:plc:7v5hy46exfn7yd23dund3lll,did:plc:vihopjmi5ly5bjlfpyexac2e,4,0.12632541496293548
did:plc:7vuskqp6z3bk723qeqs2prvn,did:plc:lvgofxnakofmb4aoxxjgyayc,4,0.13518845492585596
did:plc:7wl63tcxdfpu7aoxp7o4r26w,did:plc:mymwxdm4zedrqufkotuxn72k,4,0.06668554878548623
did:plc:7yagqpgcru77wet6gxm2cnl7,did:plc:idnbt4e5lah6u3x5xyv6pqm2,4,0.19894164246723922
did:plc:7zyer622bbsoq44l2ebrrcs7,did:plc:pmgake5ztgmqcrcmlri7g3vo,4,0.09934375091233255
did:plc:7zyljoxozjd7cechmeqf23mq,did:plc:metv2zxmvdscqgjkat5wxj7o,4,0.1471940229633254
did:plc:a74tjogmmhz5w2skcog54ssv,did:plc:zi2vfacnadfc6fptfvusxdjx,4,0.03199425028726604
did:plc:bmbrnyhvr23lzfhllfs6in4h,did:plc:i672drviaokakcjvorvhxsbz,4,0.1023578550493702
did:plc:d3hrv2qi6fnxrzjetv7dbs6q,did:plc:pxusaof3qqqhh3sktspzbfqu,4,0.6755850657295439
did:plc:d446q33h3umkkgpd2yd2mhof,did:plc:z72i7hdynmk6r22z27h6tvur,4,0.03363175388248976
did:plc:d4d74fx2qbsfmmkxca24w76p,did:plc:hxjog26osgganljznqrh2oxj,4,0.1311059076251631
did:plc:d5rhx6mrgf7v4gjaxgytk57a,did:plc:h7obn4tkp47wn7gqh4oe5eij,4,0.12570585111223803
did:plc:d7gw5ff6piklfcdyq323jsmj,did:plc:m3qvorqmlmkaoutmxbfpphgp,4,0.25327654558403684
did:plc:d7tyukprsmtrblhcnyiu5tdy,did:plc:w6fehgnkh4ahxngbshjzlhye,4,0.05665161172187897
did:plc:dbzmdmsaz6lkhb4tv3culzme,did:plc:xo32sqgvpykv4vp65l3jnupd,4,0.22436314953516606
did:plc:dfgor7uggs6lultowktpsrkf,did:plc:dibhpdffp3wtgoteq7ksa4fg,4,0.3621296196560333
did:plc:dfrnftmd5zvdkvwzi5yo6bpc,did:plc:kkomxh6wopmysq2gdcudtuyf,4,0.0528230452212492
did:plc:dgjruq4qpem4tyz2m524iiym,did:plc:rk6gy7ltp4ff2huh7ptuomx6,4,0.11052181646812492
did:plc:dhpcszavxaezopgem3o2zolc,did:plc:m7cot567blx3ivfug3xwsukm,4,0.2950548494828774
did:plc:dkcsbqdaipybdturs2pzftwt,did:plc:l6iggw6sd6ybq7pby2kbyp25,4,0.024695725967656908
did:plc:dmsgdbutclc4do7r35hu2vhr,did:plc:vxg36lqcq4mrm4ihmi6pe5zh,4,0.314936892580965
did:plc:ds5ouclkc7yoq23jcvg2z5rr,did:plc:px7igiziewol5mom4kcxxd2z,4,0.367524980059093
did:plc:dt57ssk3lo7d7s4ybe57iczr,did:plc:z7kelm7doyijbn27d3hdnea3,4,0.28446887319730485
did:plc:dufs3t6csgcwh2diuqz5c4ob,did:plc:haeabn2rb3dclslnowqwqnsa,4,0.20211658438751784
did:plc:dwsh6l2xey35pd5ad4s2lh4d,did:plc:wkatrv5wbnmrq7h7jtuobzyw,4,0.1342164343083333
did:plc:dyq3qbv64xuaqeqocm2nstd7,did:plc:sc4pom362wojrgqo6rse6hhx,4,0.1717730650857497
did:plc:dzbr3ageh4anuxhecobykm3p,did:plc:xvzpv5oik4kbz5645w5mroem,4,0.06202801290603679
did:plc:dzheerxrkmxthx4cn3qnyk6a,did:plc:wot2ue6d4nkjonuohc6zdmsa,4,0.08470132508818112
did:plc:f2jsppok52krxzkathjthekk,did:plc:p63ilsqi7gl2r5ptvzbruxxy,4,0.34719965974062383
did:plc:f2m3swm432ev7boozvomvg5e,did:plc:xf4ihm42zpykhhnyuoioz6zu,4,0.02001818486633546
did:plc:f4a2bodzekh5ncvpjcje6kox,did:plc:p7gxyfr5vii5ntpwo7f6dhe2,4,0.10243100302163757
did:plc:f4ard5htfxbxnysqqqrrqeyp,did:plc:kfdf3ncmu3ekd3yrorivypai,4,0.29233200868074793
did:plc:f54wapyn2ju5wog7jg2o573g,did:plc:fkuujifkbnnhtt4nnynwzpsy,4,0.30437892539068956
did:plc:f7utvjkqbgwfjonqtpfcf5fu,did:plc:xrr5j2okn7ew2zvcwsxus3gb,4,0.35384884192139177
did:plc:fb3p4ffutjsf7ju53pvawfoz,did:plc:in22kf77c3acoyhww77ngn63,4,0.12380452788150084
did:plc:fck7wsgqbs6yrpaw6nirucek,did:plc:lsagq7x75cwnzpdsovm2nrwj,4,0.37950923444881646
did:plc:fcp4ohcwon3uiazwh5iatf7q,did:plc:fsxitbdpkpwcxz6alz2lp5dc,4,0.44958155780837494
did:plc:fcttycyoi7uyq3h6swcyomsx,did:plc:sozzzdy6a3c6r2b4dcr4ghbs,4,0.08046223708452743
did:plc:fkc7cgc436xy5rovuprwrjs6,did:plc:wba4yjeagsfsuxychxagette,4,0.12175323699793722
did:plc:flwgfsh2mhpoqwjwwt2mesjv,did:plc:w3sbvfsdqmbzf4yq4okcifww,4,0.11507414054979945
did:plc:fpnmvu2jrt4i645shopij7ox,did:plc:zl5jdupa3bxwcgqwzfqao2cj,4,0.04647493410037227
did:plc:fpudu46yp6wcx42diid5q5uf,did:plc:kbv4bm5hryvrzio3sftcgao5,4,0.15647636533781528
did:plc:fpy4qznhpr5ka4vi2kwlu3wu,did:plc:layswt35viyh4ceyfjpdthcn,4,0.14283229464981834
did:plc:fsh6f36jgp75qme65277bpq5,did:plc:pa73aeivx43nke4cbcbkbmei,4,0.4156827517224989
did:plc:fucwvqrxvokqf6bk7op6s62y,did:plc:itm6pwmtebmqlcse2uhpl47l,4,0.3593761624753221
did:plc:fx4velkwptbvkrzkryxwp4ba,did:plc:patqr7l7c5b2pqsnbcaasi32,4,0.3920457461165212
did:plc:fxej2warixcbfccoknwhvg4t,did:plc:mp4e4pvumh4r5n6snyq3763u,4,0.07489519282522492
did:plc:fztszzyfbsa5szfznw7cf4u7,did:plc:u6mkbcgviwlbhuwqirmhcgu3,4,0.19255388977161159
did:plc:h5qpca4x7ejxa6fzutcr62hg,did:plc:vdhjlmn5di7baavypo4m3tvh,4,0.03324570965004617
did:plc:h5u5x5cocqd6ax3kpw6lgbih,did:plc:llgobw44jjsznd5o2b6kgdbm,4,0.6059565459235953
did:plc:h6tjbz6jezw37dl7u7r53uxi,did:plc:honmmb2tyrmy7hylnqcjnahe,4,0.3213068726638407
did:plc:h6ziwwax65m3wlf34lhsro5n,did:plc:sfcy3pnyxciuf3cumzdjopa3,4,0.1396477093566999
did:plc:h7t76b4kgumtdk7rmdd5k4qo,did:plc:iizcyljkovbhpybutspekwcj,4,0.2950456396220169
did:plc:hgmkexmj7admtpjegy6g657r,did:plc:ktj3zg4pkrmzoufkhfxga27m,4,0.10581709803941389
did:plc:hgoogdsiviobhgi5basyzrsv,did:plc:z7qzvb7iwq4ys4ssqetj3uvm,4,0.10678718419141207
did:plc:hhhakswjo2ji47wzukpno5w7,did:plc:vpfavbhwv4okwh6ydgp5uxf6,4,0.09333671906332344
did:plc:hhkrojgnwsarpsxv3fkyjszj,did:plc:wt6rgclnntc4uluuvymg3lxt,4,0.09901028523838402
did:plc:hmt3ygqimirlbeflljfdrxcr,did:plc:wyzqq3tlar6kwktibhp6efrb,4,0.044753811527407164
did:plc:hndyqspcbtryu3l36ymfootm,did:plc:lotavzt36yanhfy3j3gpysyj,4,0.10294768727833413
did:plc:htgcplq7jhw6i4wwsgzugx62,did:plc:ln72v57ivz2g46uqf4xxqiuh,4,0.09509895038983404
did:plc:hxxfp7lnblkx6yebg5frbhhw,did:plc:m3ccqv7m7dqkpowjtpdf6hyz,4,0.03160749847887548
did:plc:hzal5qhw7ypg2z7iquwksmjr,did:plc:mvk2ngvcjjhwpdfa5fx6xhrn,4,0.3654429509338145
did:plc:i3qrdszbx6hvwq72xroy5chc,did:plc:lmhjnbey3mwuxjlcjmi62pek,4,0.1948324745621337
did:plc:i4f4abjh6tjrpprpbbarpaiy,did:plc:uz4phqg5jrczmooygwuxmqm7,4,0.04581662664581587
did:plc:i7yqglpqshklkesdb76umsyv,did:plc:rpgmc3i2245he7nlopew3vqp,4,0.222208059506748
did:plc:idr2fe7zihgbskdno3ju76im,did:plc:k3fauiimy34vm52hulrwyshj,4,0.1515643985852303
did:plc:idzy2oahofb3675igpxymxpz,did:plc:xvqvmhngb2iees3k4iduribe,4,0.3453043391553293
did:plc:iepjf2gqrizthwknyr4rzz3a,did:plc:wwiikm77cjmgpjn7i7iao43p,4,0.11015532815153099
did:plc:ifa7dfub6cyl72msooh4o4z3,did:plc:u7y5smtp6zabkpdstccqowtl,4,0.2074347671751899
did:plc:iih5ewsumhfwuky4ihi3wofj,did:plc:xgzhbtfk45hhcutliadxx2bh,4,0.003367085767354448
did:plc:ijqrmdwagje5agonjlrvyp4t,did:plc:k7wfpfm3ava6krd3esmcwavs,4,0.26608364383304944
did:plc:imdujvbvyi4mfo74dx727qmf,did:plc:vb2qhuyilsg64a6yisxe77ej,4,0.05580538506322783
did:plc:imqumkaps6xtktjzhae45w3p,did:plc:xhpewupzxsi7qcgevgakwtwx,4,0.17651102538134752
did:plc:inhzcnnsamefbyasehahtgiy,did:plc:zljc7vmzie2d345depbagmjb,4,0.08567335144257025
did:plc:io3blspuclqfmdurbyygnlem,did:plc:wl2q3q2abensxsj3ipa6g5dc,4,0.053631362252283314
did:plc:iokqyt73vzoa4f3mboyyf7go,did:plc:pu6cyv2ba2zab7mukd3j2biy,4,0.1627999903954222
did:plc:iokqyt73vzoa4f3mboyyf7go,did:plc:xt2iytpdcazmmdf5zjrjzhr3,4,0.2831221355244249
did:plc:it4vfrn3hgrb3hsvvwfltqqa,did:plc:ittx7mcisobhm4btkoobpk2h,4,0.052626582243558526
did:plc:iuzdiy7fkfcavbcxijgp3ehu,did:plc:xyddpg6usmgh2t2jgf4e37yk,4,0.11647514336837354
did:plc:iwhwhmcrfrlmpme5ybe6tdoh,did:plc:p66b7zkep57fp4rhrtktsdni,4,0.0828933515425413
did:plc:ixfa3o6leguu6i2ypiohxln7,did:plc:kfj6letvntutu4ctr6dkijn7,4,0.2293680504643009
did:plc:iylc6gcujvt5e6sbsyonpk2q,did:plc:zcjm4xmejpyoe5jjhhnr7pdj,4,0.2860102285776277
did:plc:iz6v2itga76zik4okvzlv6di,did:plc:lkm6bnrtacqumy6q2c6al3wz,4,0.08838585708373925
did:plc:izlayyaofhx5oijviaxwikul,did:plc:rcorabkatv6cnulby4gkkzsg,4,0.1425878651488277
did:plc:j76trmiofvaxxpvx2vnb2vwf,did:plc:rddeinqb45gzem3n3zyma7im,4,0.35279389100981295
did:plc:k3krhkq7mdqspwdmrwd66nvx,did:plc:s3iffb3ykjn7cas6g7es5b64,4,0.08574852777245223
did:plc:k77thj6fybuvz6sej3uddxdw,did:plc:wbtqofx533x25hr2hzyhgaio,4,0.07780724070530617
did:plc:kfdf3ncmu3ekd3yrorivypai,did:plc:pdbljy6r5xannyn2ksdgqcj5,4,0.320749004385219
did:plc:khpzzcoeo3vt7vvpdwnzui4z,did:plc:l456kozck3xfvoeqmwnx5rdf,4,0.0
did:plc:kjiakoy625524iwzmhtycqih,did:plc:vf6jmbgjhx7il4p6hy2pmtdo,4,0.3293124357595312
did:plc:kjiakoy625524iwzmhtycqih,did:plc:w3fyineufujsl23ezbsjcakj,4,0.07709371455804263
did:plc:kkij4bfbznvqomfmzv36ksgw,did:plc:purj3rg5cnrgmt7miienjp2t,4,0.1862263112811594
did:plc:kkoanmzm5h5orjnkuv42ziut,did:plc:vg7t6ubcm5xi5ia7g4lyvnxd,4,0.14088735512975978
did:plc:klrra7xapzlz6qcnwlcrdwzn,did:plc:wephist3u5vox3b7e66xojau,4,0.15785744125925977
did:plc:knkltoiapkt336rr335ztt3p,did:plc:xe3ipfsiqgzssh7vwjpqpzik,4,0.01951739669370976
did:plc:kosjh7qmi6nvwgueswipsapj,did:plc:ro3ei2p7enbhdksdkcyzwtxf,4,0.03942123278345842
did:plc:kxlaumyr7smapjy3i5pamogv,did:plc:xpvu2givjgfmzifrclhz2mcx,4,0.031300073223419454
did:plc:kymobwrykgjtsm5fg7v2ld4f,did:plc:v4rhclbaffu64azwut6qlcqc,4,0.05753050790621425
did:plc:l3hpgk6uzctowobyeqz3ms2s,did:plc:lerdceiy7f33hqhcgfqxu3am,4,0.17882912065942613
did:plc:l3vbx3e2lqnlja7q64wfrrzq,did:plc:p5wne2zi3fmjn5zzrsmr5fb5,4,0.1773861274236505
did:plc:lafbr3dznxdyvgup2umwssht,did:plc:mktwobb2fjm472gteuhzqp44,4,0.21755896578567108
did:plc:lc2gudk6dfxuhyavh7lvxty7,did:plc:pzl6ucqra3z2wbloh6bwttfk,4,0.7382424747846819
did:plc:lcfqfxs7zl2d5t6nm72msla2,did:plc:vl7iw2awdpm72srjve3f4fj2,4,0.24515307316924356
did:plc:lg6hkdrtipy2it5hxwgv4a62,did:plc:mcru4t7annkziniqrw4raaii,4,0.20959132118989088
did:plc:lhb5w62cizvmi372rnxyivg7,did:plc:svme5pcm35w2kjzvtqjfe6pz,4,0.1815440174589838
did:plc:lkgohjoyyluxiqntgyydctil,did:plc:oky5czdrnfjpqslsw2a5iclo,4,0.036170752489446706
did:plc:lmndrquzjoynsxgz7rcn5unj,did:plc:lpaphj4bdc74jovozobqgpbl,4,0.2172824730336384
did:plc:ln3gpltnasf2s65hinoqc3s4,did:plc:vycnfv2hd67gketyo7gpin7d,4,0.38605846059521476
did:plc:lycmm3le7qmadgjtrdmtnssw,did:plc:z72i7hdynmk6r22z27h6tvur,4,0.06876246093182482
did:plc:lys3mr3ckyipqorj3df7uy6n,did:plc:mk2zrifzrtws32kx3awcncep,4,0.04586586495682219
did:plc:m2w3rdgupfizbdsbi334gdzy,did:plc:vairuyyp4iqgwjkpz5mcjjrm,4,0.10960174745170959
did:plc:m5c4ri5fxw2xzaplx4zz6lx2,did:plc:rgpmjiy2wfp2dhexxkbco2j3,4,0.16826716737434835
did:plc:m7m7xfifbtfoc3fgj757r5sq,did:plc:mwp2bxsikm4rk2ai7pb5zw67,4,0.2347468268761007
did:plc:mcdxq42ntgwlfraexyrtu4ts,did:plc:vx66gyw3fmxsb5uden7dlw7c,4,0.2065104873190617
did:plc:mfsnflbfiv7uxpomj2zd37xd,did:plc:wld6fad6xsm4tz4kfkoikun2,4,0.03346802559774827
did:plc:mfymcz74x32wazyonc42nhzw,did:plc:pencjafa5uss36kfq575jdz4,4,0.0819384122407188
did:plc:mjh257xyug2mpodoyy3he5ih,did:plc:zjhbrfpreyn6ehtl5n2rwugh,4,0.2587626331481765
did:plc:mjsayvzx5jwzx3x4phnpl6aa,did:plc:muvgbr63lhpg5xewjmef2lzv,4,0.0751312624639209
did:plc:mkkvzj3q3pegqam2n7yuxbwy,did:plc:ztz3fmmgtlil47abbt7kl7gs,4,0.26504656997924914
did:plc:mml7iyrgii3zxyvlf43a7to3,did:plc:vxkxu65awa3ocjpiqmmrxnt2,4,0.1053220775645955
did:plc:mocdtfrqb52wniv2e63tzdnm,did:plc:wfa6v4vwa7bnqstvinzz4yde,4,0.12059370301118007
did:plc:mqvjvqqa4q56qt2eggksgtl2,did:plc:pvtm62qd7zn6qsfmxcx2db7u,4,0.3571676138236487
did:plc:muslnzxqartd66kckkqem6qs,did:plc:pkj4qeofp3gqazwbcwxy3mes,4,0.17217295146664313
did:plc:mwe4syowwbrsa3xhkehtahhq,did:plc:vgg25xnyxsyg6gxkhtldit2e,4,0.13954484336886916
did:plc:mxc7liuon6iq5gzapmmwkq22,did:plc:va5sthipulczpm5ehgs7dwpq,4,0.19646324415854796
did:plc:mzn5vgvlhyhprknale2fle72,did:plc:zcxxpfxvq6jfp6ovqzjtigyf,4,0.2529301146688629
did:plc:on5oeywiqx32fh2zau473wz6,did:plc:wn2wneyyph6pzf64moyktw5g,4,0.10453079495048775
did:plc:p6tbcznik24cjbhujkmfb53t,did:plc:upp6ezdsjityf5md7ezazsiw,4,0.2617939942144485
did:plc:p6yerd7krc4keudzhu7c3ojx,did:plc:z2xczjkywxgcqqpfkux4uifb,4,0.16679196819110953
did:plc:pbuzz5qgsmsv6trnwlfut6xc,did:plc:rck4jopmlbzzjfxokwwomlup,4,0.00159058481117727
did:plc:pcaqqj7o2k5tksep2odauf5m,did:plc:r7wj6js4zwg6d6ppuruhbks4,4,0.02589222238694123
did:plc:pd6lhsozytmjjfovivwk3qct,did:plc:u2cyql4wqssgwoscjshe62oo,4,0.0857784992364124
did:plc:pdzv4p3yf5nklpgsj56sakbc,did:plc:vocg5apjrlm7dfptvy6qbrfy,4,0.18451295511539662
did:plc:pjffnc5gkdzcpv2ny6n7j2d2,did:plc:xg2szoxrojjdxkldbeoaader,4,0.07030513297918652
did:plc:pnqqzvrc4kh2dzp5ccjiskdz,did:plc:vvjphk3zrovltgt5sfdnyatu,4,0.29068049238668836
did:plc:ppgqbc24yvwdifkpo6kvvrlu,did:plc:w6ac63ezw6cly47lblsb5jif,4,0.3510181799981047
did:plc:ptqslujurlrnncmzlhq5sscu,did:plc:rkpsmsbgbesjfcyctd4gq7im,4,0.20524360181067092
did:plc:r3abhwofxbcfbqov4jbtobyp,did:plc:ril5qwrotblb7yig5divgxxm,4,0.07602731297525676
did:plc:ra3yhytikcijl5dezjamvzrg,did:plc:uortho3beysjnq7qjhiimzn6,4,0.1432134699968269
did:plc:rfpwjv63yjzq2p7fsmnrsjwz,did:plc:rwqdsk2cfxybjtabvqp3m5fl,4,0.11856786689566039
did:plc:rgopnvhlbnrpeq4p4jp4qgnt,did:plc:xrjxgkdys2q3mjrjfdcngeud,4,0.1289640268971568
did:plc:rjczpaotvf22sva3wheiwmgk,did:plc:sblju4a66qwthmosnm4m7k4e,4,0.3619072634011804
did:plc:rjor4bxtcp62eb5i6s5fc3hp,did:plc:w7v5lrq6c2c73ozzvgmeshzu,4,0.07392775606321225
did:plc:rqbk4btknyamgpgfxzkwfgqr,did:plc:zjyka2hw5k7ztbjmjyjlxpqe,4,0.20255570649810944
did:plc:rtaznoorgjg2jyg3wur4dliq,did:plc:xlemyobrfwl76jg6lmcvn6ee,4,0.13318577026616252
did:plc:rwqdsk2cfxybjtabvqp3m5fl,did:plc:z3e27tspdvmdpie6eywov5gz,4,0.04493570327299354
did:plc:s53mqer6fwql6ey3r2jk5wg7,did:plc:v7bxnm5fwi7stpphpnwm2wcm,4,0.053742307669822416
did:plc:salokypqtf26a547u2rxpx7a,did:plc:vbljassbrgzig2nauh6mg5g6,4,0.46026931075036914
did:plc:sbua2wxukvrbmpusje7zpp7s,did:plc:xvs53cooptq46ohfbwnwv5qw,4,0.04649559541180049
did:plc:sby3zs4rwyrhixsenrh3jbyc,did:plc:zrax2kphsd7pz5jfwbuev3am,4,0.23927476482065047
did:plc:sddzpltc2j7gdgfynk6k7mxl,did:plc:ul5n745uxwymqppvpiwtpoa5,4,0.1865709927011754
did:plc:sdfhzkjavqo5ifiofn4uafrb,did:plc:uej7fn7o7qlj7mll43nzym5q,4,0.12279497375328138
did:plc:sdfhzkjavqo5ifiofn4uafrb,did:plc:wovfeu2jgwq6bb2smkfz3vgu,4,0.11391042594445613
did:plc:sem5jwmglp4ffe2udj4eov3m,did:plc:uj5wi62po2o4a2cju7nvfbrr,4,0.07910715090185626
did:plc:sf4m62spo7cbf74alcco5ku5,did:plc:zc6oeh44vhssmn3algvciaqv,4,0.08879352495749356
did:plc:slypgrmcmeocyevqtyulqz4i,did:plc:ur6j4myfwwhwpwejsvg6hyr7,4,0.15303135804620488
did:plc:sou2l3ku7f7diqskoqkfilz3,did:plc:umrmb26dva7bv7xask5txcnd,4,0.013453315003506479
did:plc:stya6osiqfoqk53ckusqrxqe,did:plc:wyddyecnl7jzbmecw6rrh4uw,4,0.4346674666293897
did:plc:sxkx3ddiab2p46fgelx5msl3,did:plc:szviw2goiw6kjdjgqbnfp2p2,4,0.2955100130261688
did:plc:t6ubj2wlhc34awzcymh3qpur,did:plc:zfmmj5jii6z7a3hcymbamtgd,4,0.37048704660130644
did:plc:u6uqoo4f3bo2orm3f23bqvvo,did:plc:ux4jarcwfn6tpykqxn2hbohw,4,0.011583461190157235
did:plc:u7gavvi7t5cn2d34wtkgjy42,did:plc:v57am2d7jdbhcnuaddebmrx7,4,0.11296306273553602
did:plc:uc2oemc4woywd2b5ofm5dhej,did:plc:ztguhtmgiyqr6lrh6ttnvvci,4,0.41745577233972564
did:plc:ueslcwnfoukmy4mfpnm4jqpk,did:plc:va7w6o63amxlit42fbfwmut5,4,0.2934702592779721
did:plc:ugoan7m5htq5ixuar5ysjssp,did:plc:zdtzwnj6uahtz2qsndmglwr7,4,0.20317097976168566
did:plc:um3t5kch25i25hc4plpphehl,did:plc:xfqcsi7wuwedeqaa5m7aih44,4,0.13457318091918513
did:plc:upucvvlpx3t7uv7r5et3kfur,did:plc:zha4tsu7otgnojc7uoxhjmkr,4,0.20574727256201344
did:plc:uqppyrcon566pkrszusjonav,did:plc:z2hwfgxobutdrluohsqmminp,4,0.14449694960357068
did:plc:ux34natbhxube3xgdu3rhf45,did:plc:wkuzclom2bd3p3577rzcdvoi,4,0.09405587755611622
did:plc:v6sleywhjh2gga6gzeu3v6pz,did:plc:xyvhegmovfcdqtrbqv2ejzxg,4,0.014514346677744205
did:plc:v6x2nf2s6vpmjy4cshccgbvz,did:plc:wo3lxbcfvdptzxyvq3qt2rgj,4,0.21745745756753157
did:plc:vspaxcxywkoyzg3cgqplp2gn,did:plc:x7t2xn46fg37lv2uuuqp5gqz,4,0.25668493684097193
did:plc:vw6gni7btkhs6jww6gvepvzr,did:plc:xstrc3ii2c3akyrfogea6jho,4,0.12209168754140284
did:plc:w7fnuqwkiqciij5fescyznqf,did:plc:weemhzsmepqvjrcltie4zqbf,4,0.0039300841598692675
did:plc:waeey2mmeiu5jdr4qc6ctuab,did:plc:wlf7rrtie6e3v2diotpwxyv2,4,0.008122911378718097
did:plc:wceu42no3rogognhbm2yxdql,did:plc:z6a5urj4uak2bhdbbl7inlqi,4,0.08048154474381711
did:plc:x4kktl5xuiton3ixzolhiod7,did:plc:zmjj2q4x2575etjc27a4g2ef,4,0.11441085554918232
did:plc:xgmcleoj6rkzzjir3qxnanpn,did:plc:xij27u5nbdpdy53ji3o7mcju,4,0.04333742776751957
did:plc:227vbwa4l4m3nbyjjsgylvop,did:plc:7ovywzofx3xxpn66s5r6vjm3,8,0.023284897505628472
did:plc:25i54a3g3bropypupqusfn23,did:plc:6wmgoefo3hzsfbq2q7gb4gh3,5,0.010534170528842108
did:plc:265db7sm562y3622h3t62koz,did:plc:wcl5xm7mqdy2zmz2ktapgn7w,6,0.30709286843841
did:plc:26hkfmtr7jrchexamh7hk6rz,did:plc:7a4j47j42ezdr3au7pxdlzjt,10,0.376713703328359
did:plc:2amnkge5a6hplfwyesmxqkfl,did:plc:53ykobfiwdm2ihatqmwdz24l,5,0.1724661736457454
did:plc:2bibuct37du7dohhwyrxr6q7,did:plc:he3xcqdcd5gzx3lsxljxlw5i,11,0.3156303756270791
did:plc:2bmubr5lxtbyiqx477jbr6qu,did:plc:zs5cbnx3p4g5mie5peplc665,5,0.15045253847164314
did:plc:2csfr4ghf6nlojzipxvmboi7,did:plc:mz7xerjughn43rc7myd6w5pn,8,0.4154826422657627
did:plc:2dgucujtpiv63h6ijbr6yib7,did:plc:kfdf3ncmu3ekd3yrorivypai,9,0.26247242024029727
did:plc:2dre2taxv2ck7uxsken3vcjw,did:plc:5kk6tru4mdazgfmgyflvz3k2,26,0.1971895418837416
did:plc:2dygdwg524w6essk4afwntcm,did:plc:dv26nhtf34aam63s5pihczsk,5,0.24828872492043463
did:plc:2e62hyx4ne6zgwsgig25pc2q,did:plc:7e6gdj33irtt6i7vc6hozfah,6,0.1968555665515377
did:plc:2eo5xascoc7cxz3sufw2mto7,did:plc:7zw6euiay4tdf7mphq2opnks,6,0.496287394201366
did:plc:2eorb53azrnsxfz7du7mg2ty,did:plc:f6qogcd6yg5ngngbe3znpn2c,5,0.03204194095166113
did:plc:2er2kcunwqghntmocd5ndlwm,did:plc:rkoe4ypzobig4w6be2mtcm5m,7,0.5353644550757652
did:plc:2f5ax33ftgkf7merjvpr32rm,did:plc:kjixfa7wudorsmbyyfios3kp,5,0.251234107345796
did:plc:2gmekvqxsemxn4sm52raxyvo,did:plc:2vhm7n4xooo65tehcbomhoks,11,0.33305103084772636
did:plc:2gx2noukxzwmj6dkxbmh3qt5,did:plc:62gdkmpwa7xme36getyqnem3,67,0.4248708404046698
did:plc:2hhjzwzaqvq6gpsbpuoxxqbz,did:plc:7d7efvb5cdkzmf6dn5awilst,5,0.44855281751748344
did:plc:2hltimymy65zl5ba7ifsq3qr,did:plc:xqrqlxsfingcrocs7dut7rav,18,0.3337634448608199
did:plc:2hswagdlcoffzxprfu6ygrv5,did:plc:mcqs4ynfbtmsjfaglqem2mqp,6,0.08049925633709235
did:plc:2izqxwlmw5rlkgfmiron4rpa,did:plc:xliv26vliwc4f46az32g4pm4,14,0.10710158120987734
did:plc:2jd7mrznwcfwcirhpfjw74jb,did:plc:siuuoqcskrsyg63qvqrgewtl,73,0.1320460818583643
did:plc:2k2ssnsdbyq6nqg47vuykbs7,did:plc:w3k2n6a2xi7e7t6k35bp34hy,8,0.15311787193265208
did:plc:2m5pb7jemcoowsb7urhilptt,did:plc:wh75cp7fdpmsjdjy3nxqhin3,9,0.09977575519444602
did:plc:2o63jq2wilf3mtdepzp6yqkf,did:plc:6erjuk2ull4ze5zwzszqmr7r,68,0.2168570740892694
did:plc:2o65vkaeecyyjzsau5jo4cb3,did:plc:4fvbdr5zqt7b74qllyg2vdit,9,0.17950522983650158
did:plc:2o65vkaeecyyjzsau5jo4cb3,did:plc:zgbsnc7aplqqrasxwz2nasim,6,0.03596995319101427
did:plc:2oneu4hlm2earco66zqykkrr,did:plc:uzovbjcgbiwtqmojnitwxyxb,17,0.08219215273044328
did:plc:2ovhaooddsxrdor2buk6w4id,did:plc:ptypolsi34xezdhu37brgrfx,6,0.14776637178815166
did:plc:2pe2igfb6efrn2gmpypgft32,did:plc:z33sgsxitchl6vx5p6fgemnj,15,0.12839162751810845
did:plc:2sra5zzadka63y6haojbo74a,did:plc:lrlrsbb3gnjjyyprpbmz55dw,13,0.03469317431486621
did:plc:2sshqvggj4whne2wfogzifub,did:plc:ux34natbhxube3xgdu3rhf45,6,0.0991113114426691
did:plc:2ufetd5bswyxhnph2b4rksfr,did:plc:33club3nbxk3wjrax43bsszp,14,0.07006124520860796
did:plc:2ullnxyoicn2tzx2paseoflf,did:plc:7igkthfscmolwhaexyywmzqd,13,0.2792326986323973
did:plc:2xslipmnvjxwl64x52l3zmdy,did:plc:zxz45rdiqhrrrjgtdrp6s5um,6,0.006817702746133849
did:plc:2xsz7kw3fpri6jzkxyaugq4f,did:plc:hs233lknsqvobhnddnembtxf,131,0.26340159087931336
did:plc:2y7c7f4aonr76rl75aa2u4vg,did:plc:xjnnzk4z5hvofonx2mmlrjj6,5,0.12452771484130475
did:plc:2zcfjzyocp6kapg6jc4eacok,did:plc:ktam4tz6b2xlyq4idz7qcstb,38,0.23403065963590466
did:plc:2zlfbszwqt5qp3lrlzbq2luj,did:plc:vmnv23hjfzfo5zi6uozfrdb4,14,0.2993607387901858
did:plc:33jk3hy56qrftehogfbboyin,did:plc:so5r7asbd26pmnnoerksklor,9,0.05754752174868766
did:plc:34dvmhjjqamrhocp52y6nzx3,did:plc:57eaaptzgc7ej62xe4ns4z7u,5,0.12679838077637567
did:plc:34mvo37pap64wmrt5geshzv3,did:plc:upw5n2uwhzubjajdtqaufsek,66,0.10613060372490127
did:plc:35j4kisj55m3grhaao3zimuk,did:plc:wj6eityvyeznxqnkkvte2nev,5,0.14987668251742237
did:plc:35uepw63tghwbewxhzyemxfx,did:plc:pgok625ocobq7t3decm3o5vu,24,0.325754528988887
did:plc:364flkkwmi3rxvjdbbczmklx,did:plc:realist5mcrfawzhtlnqfa6q,16,0.17637716717300284
did:plc:36eqtmzysqf7wsslczw4uxcd,did:plc:k4jt6heuiamymgi46yeuxtpt,1737,0.41763559453869886
did:plc:37gtoepayqu32ljp3vmnwpzh,did:plc:z3vc6dizphkjqcvldldr4xek,5,0.23789004817695697
did:plc:3aoayqrkhglkmdatwwl42gkf,did:plc:lsqpttbyjdsgxgnmsiydhdjh,5,0.004662777820832903
did:plc:3cuac5dv47ouybovan5jqhhb,did:plc:z72i7hdynmk6r22z27h6tvur,6,0.011085940053371988
did:plc:3dre5e3q6rpy56mxc6idkb2e,did:plc:dwuhc7ezlkq6nxcwygml3dpp,5,0.15385499178232642
did:plc:3eueg42gb4r6qbjxderbvyk7,did:plc:dsluo4ff7pw2qw2vvbd4rlk3,5,0.2715089175839922
did:plc:3evpa5x7bspjfu3xjrjssly7,did:plc:rkreojkpystqvcsz3gy4mk7g,14,0.03547111580913073
did:plc:3f4tgwn3usheojkgx6hzsxwz,did:plc:7equuv6hwz7i2m3c2dtuetyn,5,0.19843676615746048
did:plc:3gaqk3ebvexoesvknprx7ill,did:plc:7swhhtejolglhfz7qjq2q5i7,7,0.6976095314304043
did:plc:3id5k3wbalthrnbvjjv5xpjk,did:plc:s5hyrn7o5s2zeolwm26wzlwl,5,0.4323198497861975
did:plc:3jogsxcisdcdzwjobhxbav2w,did:plc:did6aapdpzyfgn3ymerlrqet,13,0.0
did:plc:3jpt2mvvsumj2r7eqk4gzzjz,did:plc:5o6k7jvowuyaquloafzn3cfw,13,0.1756260016900393
did:plc:3jvtypmtlkwkth3nnlyln6td,did:plc:xz5z3owbjd2zfcfvmjtdchg4,5,0.11279475632356531
did:plc:3m2kspgf4l5vomio76ihjjlk,did:plc:3w5fhqj3gbndznf6ic3pfn6m,10,0.28117817393784067
did:plc:3mkycvuszblbsbzdtm22y24f,did:plc:6rdzrbtt2ynxsmczhebbraja,8,0.1438095893277268
did:plc:3nja3wzvldu5hjqnwsrhsaq7,did:plc:ibmwrcf6fowj72vmb5izfv2q,13,0.03618638444388676
did:plc:3omcxrarbvi6fdnibxevxlpk,did:plc:vxct7b6iyiqj34hahrpt6puu,7,0.17409288695919142
did:plc:3qtsi6fulqp7eii3wrpzotlz,did:plc:h7obn4tkp47wn7gqh4oe5eij,8,0.07354071833489344
did:plc:3rqf77ilcratgqhd2juumvzn,did:plc:fsxitbdpkpwcxz6alz2lp5dc,6,0.4607827438751492
did:plc:3tbbqybychwjtpfbb3lonpxw,did:plc:wzez5hkyywhp7ahuepg3izjc,5,0.6137776024500771
did:plc:3v2gagrurltl4q62xoqj6dyp,did:plc:kthezxegqi4o5dn22vatloxn,7,0.5124915591580146
did:plc:3zanfaygum3vtcdncr3jmsf4,did:plc:sneebcxllfajc243ijuhihb5,6,0.12108698083927608
did:plc:3zu7357sy6cl4525moqa45m2,did:plc:lmsf6qkyce2lkzoronu2tenc,5,0.05366837351120247
did:plc:3zzidwhezk5bpzrvscip7x3j,did:plc:swlvwugvxfmkaeyj5t5ue2an,5,0.06746854311684558
did:plc:4u3hwe3p7oy3hoy3amlw7rp2,did:plc:pmjpzdhhixh7mnauatxqbjn5,18,0.046437375576512965
did:plc:52ecd2d4or75ecwgcuw3cg3u,did:plc:mm7clqfryj2fmen76w2oix4d,44,0.47798213046762533
did:plc:52eftagrytzdoofw6eqbruy4,did:plc:5c4c6escmsnvo7gro5xmovdw,115,0.16053918517731963
did:plc:52eftagrytzdoofw6eqbruy4,did:plc:7znygfwwzusctwlyebkkuoy6,8,0.14262403763662435
did:plc:52gr7krpe4q2ha7xs2danlwt,did:plc:m6c2tpxrwgy2rex72notcyrs,15,0.03705936384305879
did:plc:532ieerldlouk4y655bo723u,did:plc:fw5k4erp5r2vy2btlcdyutyb,7,0.14776164713988585
did:plc:54qbpe4tbdo77fbcvikvw4fz,did:plc:rzkenmeipfagqf2d3sb4mmob,12,0.18784178513307848
did:plc:55dp7u2qwfunozi3johmvsgd,did:plc:zsw7yua6jh627a5y4j4txnff,32,0.5522545362709148
did:plc:55eury3xseis2egqqmrdwqqq,did:plc:574yqegqakozybnzr6pkozqj,6,0.2873570138247774
did:plc:565ebob5f6hw33hjdkxty6qj,did:plc:lr7ey7d75zqtsqizrerjvigt,5,0.06471118760689648
did:plc:57mmpdc7wwskw45mhpkh7g6h,did:plc:rtaznoorgjg2jyg3wur4dliq,610,0.1677773740747262
did:plc:5actjj2cxwehhly4t62worej,did:plc:rtaznoorgjg2jyg3wur4dliq,6,0.02793124953949725
did:plc:5blh53mqyigtjpwcmh4nob7r,did:plc:bemgc2akibaypvewcb74ezjr,144,0.054564907948924164
did:plc:5c74i5yfj4ixtpyer7ty5qas,did:plc:pgsusebryndujdb6flsij6xq,6,0.05087754008125537
did:plc:5c74i5yfj4ixtpyer7ty5qas,did:plc:uvefipphiczr7fsfvidkvwjv,7,0.05019757825667109
did:plc:5ckgrxzxfa5wf3lxepnh45s2,did:plc:lotavzt36yanhfy3j3gpysyj,16,0.11419837526511495
did:plc:5g6r7q4by67542b5arqt3qfw,did:plc:xw7ygpjaqm74xwxnbyp7oz74,5,0.21803383780693422
did:plc:5h6jnwmfqqw42ojcg34tqj55,did:plc:webkslx6s35pm3w2iehkj3xo,8,0.22249214724474248
did:plc:5hib27ud62elvyuwo225ca5s,did:plc:ulytagarpi6fiooxj4z4id2k,11,0.1746755785804347
did:plc:5iyiohrro6ip4ahhkzsvjlk4,did:plc:5utri75byrqlpo6l2ajxadwx,5,0.13571994641422722
did:plc:5k4n2vx53zt5dszucmlmjpne,did:plc:z72i7hdynmk6r22z27h6tvur,5,0.06925245436766483
did:plc:5l2hz25mze4gfghnr3fvf37b,did:plc:puecqtthnpr5rwh2xrnt5eud,7,0.045531757721547876
did:plc:5mbnor2vbk4mzrs3nilrvnfv,did:plc:wycyhitn2ldb4dbtnwbi5737,7,0.2295064671881038
did:plc:5mzcdrx7k6kh5yzqf4344auz,did:plc:h7obn4tkp47wn7gqh4oe5eij,6,0.11647861328378666
did:plc:5nkdh46vajq7mpuc7k3bwkz7,did:plc:xbyxpcczbt6ib4jqlehe2lqe,25,0.24044046558627025
did:plc:5qfmeykqhjpin7lzysawb7ob,did:plc:ftlads4suevqgdni4hxjmawj,6,0.002815124696071008
did:plc:5rxcpjus3ple6jpbuafvm4og,did:plc:iqcv4a6wqbxv3fl5uuwupkpd,6,0.014328919032749743
did:plc:5rxcpjus3ple6jpbuafvm4og,did:plc:x4qyokjtdzgl7gmqhsw4ajqj,147,0.3591165432025092
did:plc:5tjwaxruprekrnjoakobeq5y,did:plc:zw6k3bctggz34brjc5x7jilc,5,0.09851037450460269
did:plc:5vgqrnz2g3bzbilbk7bq7qje,did:plc:utbyjxayxq6kiikazbgdbiw4,5,0.0
did:plc:5w6idgk4gg3k6chz63qazb67,did:plc:cak4klqoj3bqgk5rj6b4f5do,204,0.05662646931630198
did:plc:5wdo6gfzsmtvxmhnavluoiba,did:plc:mpeyrozkgfhkvgi3ujokf2sv,11,0.010908990645787296
did:plc:5xrlqsoaevk2twhthqsi4b5n,did:plc:p3wx4l5ee7r726kpd3m7s27g,7,0.1581312103446722
did:plc:5z5nlcwzombpre2bkeepjna4,did:plc:lcvzzqq3hl5hwmz2jdoihiv2,6,0.1616274445772507
did:plc:5z7fezkz37qreo5dec3xdiet,did:plc:iqg2yiw23eoox7krkdbpucqo,8,0.0808272840383058
did:plc:62gdkmpwa7xme36getyqnem3,did:plc:psfpbl6jwa2sfh4h7qemg5ca,8,0.011265475324897141
did:plc:63ezulkb3amfzgpanfp2u5br,did:plc:75l7jiwmiq43lkq6qkeih7cw,14,0.18902654198064156
did:plc:63yy7oaa2cjnznbvwgkr6yu4,did:plc:vtwv2edeyhasfqgd53x5yius,111,0.3069463101535936
did:plc:64ghb7w3f7rzg6q3iymjvxqg,did:plc:k4jt6heuiamymgi46yeuxtpt,48,0.11877869651929678
did:plc:64pbevc4d4s65y22zzjtxpnx,did:plc:mno5yqhnsvg2ma2rfc42hrxp,5,0.8658971350826369
did:plc:65el5u27uy55nwzeb7of7iwr,did:plc:sjqunkdzdai7tq22uyiyej3p,13,0.11514691260878648
did:plc:65var7qemsb244noty2ly7pw,did:plc:7wms4xe36ai655j2ajhvrp6j,5,0.055111563959897525
did:plc:66wsmnmt65umktn4lzbb2gb5,did:plc:kmbj2gz2nscssljbe5i2alpp,6,0.1335642743482482
did:plc:6ab54zfb3st5muf2gvadaxew,did:plc:daqtalmj6l4m7bei6ikjcli3,5,0.12290643979395033
did:plc:6efcnh6vyakphqeims6sqjbm,did:plc:x4kq5wkbme72y7yhjat4dkgq,11,0.21863882828689607
did:plc:6el6atkz5w26qdu5ip6cblx3,did:plc:moi37v5gdez5bdddipuzplqb,11,0.15389971375414602
did:plc:6eqjufcnopmdmucccde5aeob,did:plc:xryb3j6dfjvtzq7uz35exf7q,6,0.1843060420829689
did:plc:6erjuk2ull4ze5zwzszqmr7r,did:plc:saj6sxl6mh6njy32lmv74sca,10,0.1598964782908492
did:plc:6gg5gotp2hyfbx77lnrac6ix,did:plc:74htgae7anrqypjhuyq222iy,5,0.0894104560365063
did:plc:6gxfoikrmjvfmzcrkmx36nqf,did:plc:xjrvznekw4jxpv6n6igogugj,6,0.24677974256706944
did:plc:6ifj5widcb5zp5msu25csyjw,did:plc:psl3vtmvduvmmy336lqcuhfy,9,0.4320320618304565
did:plc:6igmdlkcgloxmbmqyoodzf32,did:plc:lxskfkimrnohxqxffzebr34g,5,0.2538619071165715
did:plc:6j5y7ajsbko4rbog4hmyzzz4,did:plc:vkpr34zsaucflqp37xown2ht,7,0.022206124331528077
did:plc:6krr4zbfbff4zg46rhjxfq4d,did:plc:lxdkfhugs2vtbuexjjr2hjhw,5,0.05822625138043243
did:plc:6kttanh5b7sciw52rbwxmpsm,did:plc:hfvsgl2mxreaxanwto4j2myn,6,0.29808138173440235
did:plc:6ld33nmhtutaeuewl45n5zsy,did:plc:lacnnnp3w6gnz32wnuy2zk5z,5,0.1826390300798754
did:plc:6lpstfkmmc4rpy54kqylbdxt,did:plc:cz73r7iyiqn26upot4jtjdhk,14,0.05235528532873709
did:plc:6mwcbdyiyy7e4n7cftzo5saw,did:plc:px2q7bgpnckweskojpy44z57,5,0.3491416124161709
did:plc:6qgh2rjz5nesdl2mdtxedlwt,did:plc:ry7gem5inu5ply2okjgr7xj2,41,0.0726811086560004
did:plc:6tlnylfnm5pbuor75vtz7aoh,did:plc:my3rbkrwwmklwhqikiruvrwd,7,0.05727303227395526
did:plc:6ublmumxa4xiql5w5z3m7bxl,did:plc:kccabog4vhcgbl575agcvqql,6,0.12050863656912392
did:plc:6uxnjzboay4f737pqujcxsfm,did:plc:dw6pstkg4uadykp5pp7ecs7f,6,0.2347794000487186
did:plc:6x746rseeckezqiznyjwaopa,did:plc:7stasy6k3v47qdxpydbpx4th,7,0.39095084254169854
did:plc:6x746rseeckezqiznyjwaopa,did:plc:7vuxghsjkggfssqllpyxirbj,9,0.33357626454577294
did:plc:6xby2keq5thab3e2v47aiyaq,did:plc:wqvbsbqc54nkipbhs44utdez,7,0.004263987930712256
did:plc:6xsur5ixwd4oqc3ddbahh5fd,did:plc:hko3egrjk7dwwjf7nmbjd25z,7,0.2078971949289577
did:plc:6ymmgesm6mzrfrdnelsgfd5a,did:plc:mgdudmisjnbvdj5b3q5c2rd5,5,0.1729491181524261
did:plc:6z4kzvlynlzdtqp3uwyv3s7j,did:plc:px5ip5vef7n7eqxgfosogydb,5,0.00876231654530736
did:plc:6zm6wt5i5tlgb6pzrduvhfya,did:plc:vfe6s2pn55st5xkmlptwvdv5,5,0.06350002030093299
did:plc:72bt6fsr5hgnesjtbpuc4av2,did:plc:zbrhmanjs62oyqywjwdazxz3,14,0.12316848688507584
did:plc:72oizpbcvcvtty3fcsbudglr,did:plc:mlm5fumlu4k7emxlveklmp4z,5,0.21960378269111064
did:plc:73dpznbu4wqwtcyurwbiulov,did:plc:lrlpzfzu7c2vqgg3y66gnadi,7,0.08583168500970628
did:plc:73ocfbywakfzxzmm7xkncd4o,did:plc:wo4tdo2hjlfugnmjsasgbupg,5,0.03440328576765096
did:plc:74bzfmxczflvh3zpn76rtwfi,did:plc:yhzrmaeu6frmndpicchvi5lp,16,0.17940781657836263
did:plc:767b3bk6aczjy7rl7c32a6sv,did:plc:lq7ktybbwfv3gjp4omvmb7lv,8,0.00356689687511542
did:plc:77ppjuqgdv26ih3do3xemv73,did:plc:dn7xcqn22cdxyv6bzok7ecoy,5,0.04348465857803898
did:plc:77qpuvblfw6mwtf2svg2sknl,did:plc:fk4dhgyts3kvsnrupwushveg,7,0.18167859250439833
did:plc:7ba7lz54yll7pxslxv47ejws,did:plc:z7oad4td5k4tfb4dttzjym7r,9,0.051201597258014334
did:plc:7exlcsle4mjfhu3wnhcgizz6,did:plc:sydgpvanh46u766n536r33oa,51,0.1797577383866866
did:plc:7g3czbcmnjplejvw6weu6x2j,did:plc:7mfh4fcxkxeq2iry3ua3u2l7,5,0.43702186363200135
did:plc:7guugabpdnxgp4qvtwrqscsy,did:plc:rpeu5iospiimb2ltpv3qrbql,5,0.03330031193597486
did:plc:7i444f7o6ecubesvzofcarr7,did:plc:p4bi3oehtyqujbmb5v6wmri4,5,0.0071501288972121635
did:plc:7iuqciphtts6z6iluullffua,did:plc:xxz65taappzdrff35ruycswx,5,0.1343678405111502
did:plc:7ixbny2rtz5lwcn2a3jgw5at,did:plc:7u5qh4zwss5igy3nufzeomyh,11,0.21795212871027306
did:plc:7jlr5nqhjtlf7vykjeev3gaf,did:plc:lrnneobrcet76qv27oziqqqz,9,0.07959203891181083
did:plc:7kjfajnyljidr444i5u525mf,did:plc:r5llbadwymrrmoq5zufn2h25,8,0.06649923187826234
did:plc:7lq6uxpoi7g7665lv3znvmbi,did:plc:me77v34t7sls5sjlcnz254rr,7,0.17953098879620802
did:plc:7ovjw5jv4vfuwrjhqsdjl4gi,did:plc:stxruexpqkr47v2z57kp5rfl,8,0.13900035299210367
did:plc:7pr24ntsdnvee23td552aes4,did:plc:v4fio6clr4zz64lhdkre7zph,5,0.2804999717691583
did:plc:7prh6raya2ntwnpyzte5u5hc,did:plc:xxm4mtrc35ug4ahxk2c5jeud,8,0.36188474760889827
did:plc:7qqkq2zdwq4j5jingukgtuky,did:plc:haxnmcmknc6ua3zjmjijxzwv,5,0.38905013816648865
did:plc:7qqkq2zdwq4j5jingukgtuky,did:plc:ulsl5atdubki6u52p5x2mxtm,10,0.13555635424998405
did:plc:7rqulmajugintm7h3ydicr4i,did:plc:k3rfwhhlr4oslbabr4gb6m5z,6,0.0
did:plc:7tyhlziszrunowfvarla52va,did:plc:svawqo4jxobyyuqmixplvcux,7,0.2614518255317476
did:plc:7tyhlziszrunowfvarla52va,did:plc:z4jytaljdpjnbvu5e2ripamk,5,0.13993605783684282
did:plc:7y2xfc46reovyqzhzs6mbkiz,did:plc:llauay5izwyd37xvyjmb4fp3,11,0.18870878231810678
did:plc:7yeajgl57cpmfrmnnl4myss3,did:plc:xo4njlregqvs7qphu7px2cjk,11,0.0
did:plc:7yhhddnpipsbj57ybzduaov3,did:plc:lra3edldmyhy4ebxwwcts7bk,18,0.4168577642379716
did:plc:7yzya5gexaiwy7s52chtfvmz,did:plc:zvos2gefc3zgo6akutpveu4e,7,0.14077115017367897
did:plc:d3n4a52gwo7npvl42x5bll5f,did:plc:p42v53wmcweuxauykxjofll6,7,0.2753230471119328
did:plc:d4d74fx2qbsfmmkxca24w76p,did:plc:sxuckgrlkb4n5jfjhzbkwy5e,18,0.13552599769343174
did:plc:d5umsb2ibiw7hzqkiwcs4sb7,did:plc:zivbusxwcsom5o6mf7kljzms,27,0.2508895700289925
did:plc:db64dyyk4q7pdv3ig6cplbdd,did:plc:ugvwps4ey7b3vset7nc3cmyu,5,0.26549580041618365
did:plc:dc7hahfvdre6baxdjs65icls,did:plc:wtm3vnk3ohjx6fhrmundh4kz,37,0.18902816484467294
did:plc:ddupj3t7f4vewpyex34mwqxp,did:plc:zl7yevhfe4stpinqnb2jcmqq,5,0.02843863102712318
did:plc:dfgor7uggs6lultowktpsrkf,did:plc:mymiyz3x72kdfeb5nfmrk5my,8,0.01938354640811253
did:plc:dgtobzn7c2qiye22witgushu,did:plc:fsa4ortdhosoqvrjo4jwome5,5,0.4563147310132002
did:plc:dj2een5bvwq5homn7o7htqdh,did:plc:lh6cpfgj72knanzqa44h7t3c,22,0.19503657533534452
did:plc:dj74x43tpjd2szme3uir2mnc,did:plc:h4w65xh7kqnut4kyqwduxap4,6,0.09618057799640524
did:plc:djspt5azwv6zwnipc7dquxt3,did:plc:dpgqzuwbtzka2drv7rvgz2uv,5,0.3048528547006313
did:plc:dmvvelukwr56kywqbp6aoztr,did:plc:ryrymvmy6pv3qoatne7xxvnw,10,0.2530112833563321
did:plc:dnafbzaasvk3bml56g7qy5q6,did:plc:hztihpstogmebofwer76s464,7,0.2267715059282721
did:plc:dobrsxt3kcxv2u3azwhfiuxd,did:plc:sc53ofkvgesda647wpev6vq7,7,0.4069377784185407
did:plc:doyd5anulydozkbzor4ssyyv,did:plc:knrrv6x7g27rbout6vlxuxln,11,0.25216925598576395
did:plc:dp2jyrfqgzrx6uf6kudutcua,did:plc:xrr5j2okn7ew2zvcwsxus3gb,6,0.047395657895614916
did:plc:dp67f3vzeqtaq2rlqu3m4ybg,did:plc:xqkcw3nqadwevj4gmlr2zmhr,10,0.413997153245937
did:plc:dprfjtikopewfpeyhuouufdt,did:plc:xkwershectzm45pmoyo2ssx4,5,0.04275893797914343
did:plc:dpunrrfmuvffztgc36f33mrr,did:plc:oky5czdrnfjpqslsw2a5iclo,26,0.071851399098045
did:plc:drrwrzzfwlvfz22p5j52liq2,did:plc:s6j27rxb3ic2rxw73ixgqv2p,9,0.5707698572222457
did:plc:dsssax6ne5ghruk6velxnbp4,did:plc:oqr5mp25r7z3vfr3igeerxbw,18,0.2256001329066047
did:plc:dst5a7uf7wtatmp66p5ygzmw,did:plc:linrigsaay5zenhg756ca6tg,175,0.03872081559045137
did:plc:dtwphuxvtvimwtra5yh4ujt4,did:plc:k3sjdodbk2cofbfzxucculeb,6,0.34355408977835045
did:plc:duhmmqlyybtdyo4qy2lixclj,did:plc:sjb7or6v4rxpmcdqfjjgyyow,5,0.11901448769559102
did:plc:dvlh3ghzhu4zzfzdf4yparid,did:plc:xljfpnoyxawen77nciuqu6p3,11,0.044296989282295744
did:plc:dwwyq4ssfetf2hl6jamhkb26,did:plc:latjnjwgt2qhqhu2svocycpm,5,0.1072361614677912
did:plc:dxphnrtri3v6a2lyl2khufyv,did:plc:uayevtgtbwot25zhocjzb6lv,8,0.17704030815361319
did:plc:dybqgo6vyxtttsfz6qccffuh,did:plc:vp3spx35tqiw3xdamqh6cd42,15,0.1309920029744278
did:plc:f6hdxggxx4qfijx4sd3dnbkg,did:plc:utwi5l2mvsay4bxow7q443f2,6,0.32281994287615134
did:plc:fdwzrn4za5fbmyori2spyxka,did:plc:sqroduohkqs5vrvoqtpb2nls,7,0.11174961344221268
did:plc:femn754jmamteuf2xzwwoilf,did:plc:lgta2oacwy2qqyhrssbsodxl,18,0.2778477011655697
did:plc:ffcdohgxhowezbyvf4igl35u,did:plc:ibhesuzgki6bkp7mjxqdyara,5,0.008974548260984433
did:plc:fgxcknpm4lhmzizgyqq73bo6,did:plc:umkdmppnmbfkz65p3xdwxyjc,11,0.1148643939653438
did:plc:fhuifhwlgpfh233on5jrmxrl,did:plc:pum3nk6m6xqwqw5e7v5wcbgu,6,0.2973464642369672
did:plc:fji27tmf5mynmv3wipvwfdfv,did:plc:mfrcz3kv7bsth54bkyrridp5,114,0.4153536104830916
did:plc:fjpyctxna3enf7ykk7ra2vco,did:plc:uilsvtzkwqx5jle53l57aix5,5,0.17632792819901388
did:plc:fjwkj3ylyigyq6gdbc5ixagy,did:plc:hakatsek6byahxfvuzzwqsrm,5,0.0
did:plc:fkvn2anjqb4ccuvijosv3tyr,did:plc:wo3lxbcfvdptzxyvq3qt2rgj,14,0.20520604441780524
did:plc:fldpue6iblblysw6tk4eptvz,did:plc:p2tgip3qx4ntqn5nksy5uwdo,5,0.16222821776249835
did:plc:fow6brrjffgq2wks5flhmihb,did:plc:z72i7hdynmk6r22z27h6tvur,35,0.055582270659400676
did:plc:fow7hj2saj4odotd6oce3drm,did:plc:xvefxvi5s7eouckp6e274qsn,5,0.4679843855017808
did:plc:fq5cqhvvq3qbzm6zvinpgiak,did:plc:xgiwtxbtt6xc7low5vdz7dq4,7,0.25333289838085793
did:plc:fqfqit7gfz35g3rwoxgzg4ic,did:plc:woph5pj32fzbuicun4r53g43,10,0.32136280161682773
did:plc:ftzlcdsobqi4uk3fme5n62zy,did:plc:fvzkql2aqtbk7qmqjkoo2lv2,7,0.004781678707097585
did:plc:fv6grpylhb6afgnfji46psv4,did:plc:rtovvckjlryz2ir5afstxzma,5,0.08066751964343334
did:plc:fwks525g7gw5wc7ul2wg4wj5,did:plc:va5sthipulczpm5ehgs7dwpq,5,0.21540264480079813
did:plc:fym46q73iqip75m2ployecav,did:plc:snlbsicopvzitjokqeeo5jne,7,0.44963894267534893
did:plc:h2drsmvakyn2qutv44kr5bzt,did:plc:ptvnknkdb6fwpp26t5tn4nki,8,0.24329617154118593
did:plc:h4ynx4kdeljjrfsbpk7p5xst,did:plc:sefgphqp2xqwh2hawaixykwz,5,0.10124591347321388
did:plc:h55nabz5glwdanw73qqzmfag,did:plc:mrzkurwfkul52ofdvpp7esgf,10,0.2806202843437424
did:plc:h5b2x46tlly34ypxuo74ub7y,did:plc:h5slgmcxfehhdfclzoe2wye6,5,0.16248590444002697
did:plc:h5d5qlqgtedqbsvz74zbtze2,did:plc:hgj5vyusomyoxczjrttfwgr5,5,0.16487641797960265
did:plc:h5s3fxfvfxsle5q6j4p3ozfv,did:plc:mldaj2opxha7hv57hs7ivlf2,6,0.1952386786276424
did:plc:h6wnp4nsffurzfah6kfplo5u,did:plc:xyddpg6usmgh2t2jgf4e37yk,10,0.09803377398930374
did:plc:hbkraazgwbkh2fmbptgr3yti,did:plc:mdivtinxejsqcjqwseqykpyj,13,0.1338181259470725
did:plc:hdfrgtchoulcxlfzl2qsqdec,did:plc:rzgxnxi42gyskrxw247ofmee,6,0.41617423532231623
did:plc:he3xcqdcd5gzx3lsxljxlw5i,did:plc:lerdceiy7f33hqhcgfqxu3am,40,0.3276789978550275
did:plc:hf7ezrajxadu7v3tzcyij424,did:plc:sr3cp7q3p7zrnb6r276syycf,83,0.3068814181136198
did:plc:hggf5ccqabvgfuzgm3perwxn,did:plc:vovinwhtulbsx4mwfw26r5ni,10,0.12024864585045023
did:plc:hgpgxjj2k2yits6cy7dihyfx,did:plc:rv2wwbq65ztt2hdtwhcasplv,8,0.4305599453263248
did:plc:hihbms2km2sh5coov2crloci,did:plc:xyddpg6usmgh2t2jgf4e37yk,10,0.04137206171781345
did:plc:himpzr3ipzva3w6agcql7mp4,did:plc:sb54dpdfefflykmf5bcfvr7t,7,0.022879872948664785
did:plc:hjaz7d7s4nodw6qpgnf7znst,did:plc:zhq7crzov7yaigydptkvf55p,12,0.05874754381667188
did:plc:hkd2vm267wimnpuu3wratda4,did:plc:pla5z55udvr4yn3xwgmxnhcc,5,0.11643372151583477
did:plc:hmbmpsidn3f3l7537j56mrxi,did:plc:k4kp7p2lfe2fz6z2u26yslv4,6,0.16950940568827305
did:plc:ho453b27bxezlmwofes6nv2j,did:plc:mkyjzpgppqegivovanr7cs74,7,0.3893677370899414
did:plc:huyg7ivrsjiaiez3pspinxgd,did:plc:kvjf4tvnhlu4remgvzn3ynpd,10,0.27576374899088196
did:plc:hv5mkduryfgajlvmbo3ruole,did:plc:ueixuh2nxha6ubxte7esqmxc,5,0.045276229902758085
did:plc:hvf2l6g6nnvsp64z6ehohnjk,did:plc:z72i7hdynmk6r22z27h6tvur,8,0.03718375107346426
did:plc:hxxly25cfm5moedygl7p2vdo,did:plc:ux34natbhxube3xgdu3rhf45,29,0.03575403849756513
did:plc:hy4kwkakey4eawsw6jjzoc3j,did:plc:mqqsnamohd7mkqzeixirtujz,7,0.043002009656468124
did:plc:hym4b3g7edw37r2t4j6fvyn7,did:plc:vxpbqky6dsgs2vnedakzfusk,5,0.1572382080176197
did:plc:i37bzld52baqvaqpmz46cg3o,did:plc:vv3c5pyrrdjmgngjt367nvtk,36,0.29293867340480195
did:plc:i3dmdx7xgq3o4hlulrzs3jm5,did:plc:lvuwory6i52n7dseo6ght7fl,5,0.08721687419318422
did:plc:i3hjowckkgwjqpqoxcu6u2fs,did:plc:sv4d6k5ewghivipo4uace6gb,7,0.06385390648322063
did:plc:i6jlvqztwdqpayy34wa6a7o3,did:plc:lu7c5bk5f5fyl3u24it2l3oz,8,0.1715795170739594
did:plc:iajamudk2ikdwvf5kzacyh7f,did:plc:vdkutau3xlw4p5jgj7cihr3i,8,0.2336803998936334
did:plc:iak6gshy4iwmafmwzotq7gvc,did:plc:xiogbysxvwu5fl6p3cwt243w,15,0.0287554303407308
did:plc:icheo67i5sweou3y7wkwvb4f,did:plc:sccwtlwlmc6htpnxtq2qshmk,5,0.26906358311459994
did:plc:igfh4uuo32yzaydpoawdqy2y,did:plc:sfkfq2zszppuebhkxdp3f4ct,6,0.21607696667742177
did:plc:ihnovf47cgheyv4bzvyeko43,did:plc:w2ugky7acmey7nto7mgkrko7,26,0.24781137649151613
did:plc:ill3qhb5czkgndearobqcsus,did:plc:uoxd4a7w2izlstb7ac2lvgp5,9,0.06983288980302234
did:plc:iokqyt73vzoa4f3mboyyf7go,did:plc:kemis7l35na6vurcm4vkouz6,10,0.11667358197744132
did:plc:ipx5hzkdf6kaqngubhjoc4ih,did:plc:on5oeywiqx32fh2zau473wz6,11,0.4176640305794177
did:plc:iq5eutx6ahq2ppicwkxvy6bb,did:plc:lqcwasun55qppkdpdhozt6et,6,0.15058042440526337
did:plc:iqcyflkt2gun674dnbssobt6,did:plc:peaoldbabwit6utzwks2efqp,16,0.3841340519508776
did:plc:it4vfrn3hgrb3hsvvwfltqqa,did:plc:x4twekkcqqocum73hqn46aib,8,0.3010804328424846
did:plc:iv4o5j5riodagk4cmdxtkfhe,did:plc:iyeak3ppl3oqnxpr3v7tvmuj,7,0.1977466690982287
did:plc:iw7z6n45q5xw2rehw2d3veq3,did:plc:mjh257xyug2mpodoyy3he5ih,17,0.1507207277715227
did:plc:ixt366q4gcx5rq2uzau7cwjg,did:plc:s5tihdkhmusrhlsvntgxjx62,5,0.21915695588975354
did:plc:iymyjdjbkkn26ahdw2c7m7b7,did:plc:zjufnkuqvgn4wz24xa6fucii,5,0.20977290520061126
did:plc:j53tav4pdcpfxyx2gcfr5fhb,did:plc:kaas4r2i5sda5i2cospilxng,5,0.3682038744735433
did:plc:k4jt6heuiamymgi46yeuxtpt,did:plc:uortho3beysjnq7qjhiimzn6,18,0.12213010156643175
did:plc:k4kp7p2lfe2fz6z2u26yslv4,did:plc:sgti3jsgu3luif24tokvth3a,247,0.21573330467815408
did:plc:k4ygxco5hestlipl4dfvlenl,did:plc:z2h4rcnhwy5e267hww3n76gu,6,0.11684081787699335
did:plc:k5nskatzhyxersjilvtnz4lh,did:plc:l2u34pyxepcombpqyxbhzgy3,19,0.1583081428185401
did:plc:k5nskatzhyxersjilvtnz4lh,did:plc:sfvkd7mmhdpilq6zwiomisqe,199,0.41722994625651844
did:plc:kbxkr6fqw6nsj5cyw6fl2fo7,did:plc:uco36m4mu3zkxy65gre55ozt,9,0.2992533229790648
did:plc:keeowbcugv5bsp3hmh6zuszy,did:plc:wubzgaccsddeyoe5oa3n5o7z,14,0.2077325607277376
did:plc:kfdiz4ohpkjfceecgiiideek,did:plc:vjug55kidv6sye7ykr5faxxn,23,0.25581002595912583
did:plc:kfs7jzwvi7fdopvoq74dmwta,did:plc:wuhkj7cjrak4zghdgunoprur,5,0.21010635173773307
did:plc:kgjzsib2gx4fowiz3qt7sed2,did:plc:ru5zioxqfv6fctxyl45qqcj7,5,0.1290505876666702
did:plc:kglxyshbsifwu6cpbltnwfv2,did:plc:zra2wk7q33ld6p7xzrgyn6oa,5,0.09482630631797416
did:plc:kgxobshwavnaa6osa3esv7of,did:plc:pno5r5qx5bk54bdouedp3to7,6,0.26532087391422865
did:plc:khkaorxvl6o5xvmzmuxn2rl5,did:plc:rkp75ooy5xkc4kqqeetispbm,6,0.13616343157761707
did:plc:klkzz5n5essxewz2vtspu7vr,did:plc:z72i7hdynmk6r22z27h6tvur,5,0.05578393397769674
did:plc:knrrv6x7g27rbout6vlxuxln,did:plc:srwaw3mpb7yuzv42mrhdbna3,11,0.23449274988450264
did:plc:kq46rduq7o6b4sqteov72e3l,did:plc:sj34vhp6nt3kf4mdp2p54oid,6,0.005441113750505115
did:plc:kqbyr4gqt6p2l57htlsa4nha,did:plc:m6hdzfccnhk4nedvtsbtvsk6,7,0.01769086382802551
did:plc:kqbyr4gqt6p2l57htlsa4nha,did:plc:ztz3fmmgtlil47abbt7kl7gs,41,0.21440947368481414
did:plc:ksh53esl4ane3fs4lp5jta66,did:plc:zgo2yp4thl54hj4h7hh3sdai,8,0.057228312906027125
did:plc:kw5h32gldt6fuzch4xtoffgn,did:plc:zhxy4ew5zxv7dviseza7cfo2,5,0.14146316813788795
did:plc:kx3two45pwez6ct2q7c7m5s4,did:plc:xaefink6pzagwfgh4fbrtfcy,6,0.17376230056093944
did:plc:kxtcankmmw2t7jiosm67mcju,did:plc:svzapldx7idtza5hmpkxmsri,8,0.20547295731581558
did:plc:kxythy36vqgzttgcpbckbmxi,did:plc:lyrhzsfcnpthqs3t5ks6pqzv,6,0.19999114411851998
did:plc:kyw4ephzix5pcnu4asbew5b6,did:plc:w5h76n7lwzkzsc2guu53vtan,8,0.19670040083467355
did:plc:l7kyg5pm66x6m2wsaqyvcm4h,did:plc:s7dd6tmr7qzsebhccz3fy624,5,0.013400578663494419
did:plc:la4tfg6j2beizqywjwslpom4,did:plc:rjtifgmgwnacwa24lqp4tpsy,6,0.07159844914308136
did:plc:lcprhfzckjfeap7k2mea7e7o,did:plc:upo6iq6ekh66d4mbhmiy6se4,9,0.09113297590698043
did:plc:leltly4qefyne2mg7xcgfeoe,did:plc:vaojn6dh7vd76ggnd2zlzu5o,14,0.08211100092253462
did:plc:lezmmky6cq7bjaa3bz2blwze,did:plc:rzvn5zo3c6sav74keswooe7j,9,0.3022958008212292
did:plc:li3fddpyzgayezbvs3mlqsyy,did:plc:zorx72vm56gtgv4hzl66q4zm,19,0.009000303641822263
did:plc:ljkat57jxyjr7zp7vmfkko3n,did:plc:wcl5xm7mqdy2zmz2ktapgn7w,8,0.39272817593459874
did:plc:lledz4osgi6idl7uavgmrdgc,did:plc:zpoqhkcsio4t3dndxia43xp6,9,0.11858230287319278
did:plc:ln3gpltnasf2s65hinoqc3s4,did:plc:xyddpg6usmgh2t2jgf4e37yk,14,0.14696180668461006
did:plc:lr36xv2l64jwtnyoaqem6z2z,did:plc:znr3yoek7c6yecm6tnegprct,5,0.0735108146180371
did:plc:lspb3xuerswrj3nsgzm5kddv,did:plc:xnelrgcz3syvv74es6dqzaj3,5,0.19636423002188855
did:plc:lsqexw37hdtigroqkvx2gigj,did:plc:rfxiwishniw3hl4xqxjrfemp,8,0.5221833361421022
did:plc:ltb4mj3hk53zjy766mpmxgdh,did:plc:ug2ihqqqygy3r3u2i5x7l2nr,36,0.43942111993504057
did:plc:lvjdq3atbtjluzztw6vejwsx,did:plc:rxap6ayz6b47sklo7tj3n2vu,6,0.18083200023139628
did:plc:lxj6fo7atoir35pvn3idij42,did:plc:uqppyrcon566pkrszusjonav,6,0.3288004792957766
did:plc:lxr5rgpvcjz2g3d3xx2gswdc,did:plc:ziv35doxt45kgl3tne7aquin,6,0.2712971926651194
did:plc:lyfkmbk4gmzfpfrrukz2vxlm,did:plc:z6dkqznqqd36opaelnwc4qqv,7,0.2360216366254451
did:plc:m5eocbk5yjpqjjfwb7xyjuei,did:plc:rtc4q3att7stuobmlnwgukno,5,0.17703627226996807
did:plc:m5mauk2a3xu2j5nbjbzifm4z,did:plc:rjtifgmgwnacwa24lqp4tpsy,22,0.2562090553820956
did:plc:m6nojgm7tlzjhi4bq4i5ydco,did:plc:u3fk44nfrgayctv5fh3r6wxc,7,0.34597502506923433
did:plc:ma4udgwnbcjrck5tzrcnboe4,did:plc:pp66gvuh6w7tnshtvjxll72e,16,0.16073973306671652
did:plc:mgiypej6ugiva2waicxnao5d,did:plc:z72i7hdynmk6r22z27h6tvur,6,0.16099187351966626
did:plc:mhpei4ogpq635zzzjkwiwm6u,did:plc:upyckbxvzrzs3c4zxetql6q5,9,0.036651424616616135
did:plc:mjobm7kwzpta3ccegkcuqlwm,did:plc:s7dbiihbjafshszkaq6dseni,7,0.24125488101342202
did:plc:mlt3yo2haaqoi5s4gcd343zi,did:plc:wvtle7wktcmh22u23ee436pb,5,0.1418694419956589
did:plc:modsg3sxwtwdz2q3a3cr2xlg,did:plc:zpoqhkcsio4t3dndxia43xp6,8,0.006146309117172153
did:plc:mqptcphqrjhr5nziy33f3kco,did:plc:p73fjep62lk56debqbvpvc5s,25,0.1540761448621064
did:plc:msacoiwclfvbgpiww6hzji5d,did:plc:xhrp2cjegaanpkabultgfoko,8,0.0679625981440211
did:plc:mwa5z7d4orkug3ehutq6bwje,did:plc:px7igiziewol5mom4kcxxd2z,7,0.08976367640324676
did:plc:mwg4o2676yng5cklqjntpas7,did:plc:pq2q3rg44ppi4bngn2ieytu7,5,0.08849074041719758
did:plc:mwvvoxbu6j76obtign7dh4pr,did:plc:zdmc4sodjquiux7nq77fchpf,6,0.04997606204525956
did:plc:oqr5mp25r7z3vfr3igeerxbw,did:plc:usofistcr37xnr3mr3ixpued,18,0.16454265939778379
did:plc:p3m6kgvi5yuls4p3o5ndv3u6,did:plc:z72i7hdynmk6r22z27h6tvur,9,0.06999175311626164
did:plc:p7fqupn2kumxdu76mhd47vum,did:plc:ste4qu5udqtadhuq4u423nvb,5,0.10286313692472471
did:plc:pazthsfswcmlpmiomwdwaarw,did:plc:wpxaqfmhbluwab5nl3zqzc57,6,0.1905655727782451
did:plc:pfjwkmi72lfm2m3y6r5wvh45,did:plc:z72i7hdynmk6r22z27h6tvur,11,0.0025067935907409603
did:plc:pj5zxr5qexgoitdimyialrcc,did:plc:wwc6t6tikzhqngwlxorqbdfv,6,0.04421946603835583
did:plc:pjbwvfdwzh5t2kld4upqoixh,did:plc:sp5paqzfmzlsxazgv7hrukda,6,0.11680729438621801
did:plc:pjiafkey2cokiupsxpswqlk7,did:plc:wp5e46r6ps6zs2w6d3f3utdu,9,0.26971058570936796
did:plc:pn4oj3qoo5iw6vmvwgbg3d43,did:plc:s6j27rxb3ic2rxw73ixgqv2p,101,0.33472635174036414
did:plc:pote26zopmqhd4gqydmfqn5m,did:plc:wnp5trukcrpxrfhds3nvksdb,5,0.2588905883767877
did:plc:pp66gvuh6w7tnshtvjxll72e,did:plc:ue5jc3plxiadvm3bqxfo6pug,8,0.1257416153940559
did:plc:ptcd74fyqxpfwgp4qyaaeknb,did:plc:snw3hpfrmiqk2dvfaa7d5u42,25,0.2581942424926224
did:plc:ptkj3hmiuoku3cxj4ilgxbd2,did:plc:uobx7bqbutbbp5xrd6ucq77b,10,0.3193409296212388
did:plc:pws4g63n7aqknf4s2w6nr2b4,did:plc:z72i7hdynmk6r22z27h6tvur,5,0.044909989171321676
did:plc:r3ywdqtenjnuia4st4asopkk,did:plc:s5wiapmuhdqppcacqb4tynre,19,0.211089682196201
did:plc:r3zewy66flv7adsmxionzyyv,did:plc:ragtjsm2j2vknwkz3zp4oxrd,7,0.035112489129762885
did:plc:rd2ng6ryl3i6jql7sdg6n7ew,did:plc:rdn7swdywqsv5ps6nzj44qux,6,0.7161787453568852
did:plc:rdlfqhwdo2ui36zrfhtiktos,did:plc:wba4yjeagsfsuxychxagette,271,0.28198586245712903
did:plc:rkgohaobvcnymdssjz7zewja,did:plc:t6ubj2wlhc34awzcymh3qpur,96,0.07059090488689065
did:plc:rmkdrfxlffi3v2skf7qpccra,did:plc:x4qyokjtdzgl7gmqhsw4ajqj,16,0.13111237237120152
did:plc:rr5ssvy7g434chp2zimpq47x,did:plc:vtusyhwrjhtept6uawc62wpi,8,0.11115259623337856
did:plc:rud4ylhmoet6agicpimqhsge,did:plc:z7lkqlobtsv7jpm6l7xovomc,5,0.39265210467430833
did:plc:rw2kfkoa7dvxmip5rm4nay7x,did:plc:ubv6aix4vvpwhfepzi3z4vbl,12,0.35104964474006717
did:plc:rwqdsk2cfxybjtabvqp3m5fl,did:plc:sqk7cf7ufpllhtvwnxj6v3ul,10,0.1686657409922146
did:plc:ry7iag3do2zlrdh5new7x5qr,did:plc:z72i7hdynmk6r22z27h6tvur,5,0.10305149936614559
did:plc:s27ncqkkjfu7mxgell57fpnz,did:plc:s5fi6htc7xhnshxxn37dg65c,6,0.26016072906831744
did:plc:s5b3x4exyludm73jcgvupe7q,did:plc:zltqtmydso6kikzw7wafpj4p,5,0.3569566980517919
did:plc:s5fi6htc7xhnshxxn37dg65c,did:plc:xdgl3arfoxmewmu3nj6tpmn6,7,0.15872561442217342
did:plc:s6zn6cteu5f3za4vdvej7tx5,did:plc:vcu43wx7eanikezcsayulz2n,5,0.1803702007255098
did:plc:sgdzn4nnti4vp4vragar56a5,did:plc:w352hg7slzvag5lyl7uyoslt,32,0.29054011819295295
did:plc:sjf7wbw3avrfkinn6paswunf,did:plc:ziu7s3eanucnhc4r3662ctea,5,0.055499719547977416
did:plc:sk6jryjhuavqchpa53jlcsyu,did:plc:ujwy3e4x4hyaztln2hgshcpr,8,0.20003343152704647
did:plc:smwduuoirvwdkmmbn7ujhtq5,did:plc:vovinwhtulbsx4mwfw26r5ni,6,0.07996857636204505
did:plc:smy66gk2wq2v66un2h5n44of,did:plc:ungdjfrmid5aamxtj5i2mkuu,83,0.04653942682750131
did:plc:sxpionx2qekfltporvcd3x7a,did:plc:vpkhqolt662uhesyj6nxm7ys,6,0.21757947460699137
did:plc:u2vkdy4cm4mgvdcgjwwwv5dd,did:plc:us3l5bnvql3okhenioa3vtrk,22,0.18770811950819072
did:plc:u7alwxxtf5tlndqgdh47iqkc,did:plc:univ47kzorwxjih3lqzrnwmv,11,0.2462006470090929
did:plc:u7wrisekfynaf7j4vlaiqu3o,did:plc:ximulq22wv5n33kkmzbi5voo,12,0.11883226208523734
did:plc:ukplva22uatyoecfkamflinf,did:plc:zvdt4rxmuymyxc2jbfsmvitn,6,0.2724063247062003
did:plc:umkmc4egbwha3x2rz4si6erg,did:plc:z72i7hdynmk6r22z27h6tvur,26,0.036520017442400105
did:plc:upzq3enqik3257byjq43iahm,did:plc:vtun3iezjdfigkswwoncaegq,8,0.29875405743475786
did:plc:usbulziv4ck5omo2bf32hpc4,did:plc:wzinmzs5ttdxzie6krp3pvtj,5,0.09487756007241432
did:plc:v5cppdiemixxmgwp34pxulkm,did:plc:vovinwhtulbsx4mwfw26r5ni,11,0.0471127986401684
did:plc:vf3hplmpe4ftifvjf4o2lqrt,did:plc:w3c2qrmh5ovsa2wyf7adxmlr,8,0.21215654557957261
did:plc:vfjmjav2m3ehc7yevnfesz2g,did:plc:wt76ezs6ijr2rhng63moaq2u,5,0.1822530495835246
did:plc:vi2grzfali5xn5rh2ny2n4d4,did:plc:xaefink6pzagwfgh4fbrtfcy,6,0.22173061859148097
did:plc:vocg5apjrlm7dfptvy6qbrfy,did:plc:wmbemglmmw54rqtarlyqlmjq,32,0.03469710003671027
did:plc:vypepewgdr5ae37qyh4ui5as,did:plc:wj222j7j4agz3k4ikhxrbb4r,7,0.35865673871911513
did:plc:wifmomicr72ityuthsmdwbih,did:plc:xrga646tzbi347nmnumvnfcv,19,0.22150898643714947
did:plc:wwhxhdtgakhxjzacxlacsn6n,did:plc:wxnw7sehp2fhxt6cxsjuaogg,6,0.24632724291487096
did:plc:xrr5j2okn7ew2zvcwsxus3gb,did:plc:zzj7p5r57sl4vviqws3e7k4e,6,0.21526940837331324
did:plc:z6rujpf4u56jfie7aqic2nfg,did:plc:zxgvm776nmr2rmyiyz2qcml2,5,0.15085452536857935
did:plc:zh5qdcljs35qnpwuszy5wmpl,did:plc:zsc3ufla3mxo6zyfjyfgf435,12,0.20974551621228693
did:plc:fxwz4v2rpj3a4oinh3ru3736,did:plc:uwsujk2enhgw45mlymput34n,0,0.03684381357051966
did:plc:fsxil76eimxnu45b2cyka7ad,did:plc:wpv3cufbzvehx6eqh2qax45x,0,0.005527588758503543
did:plc:m25f5fc7ckz7pikf5uoecdlm,did:plc:wehpruue6saidq5xyhvgu7ef,0,0.011624754588164803
did:plc:6v6vzmorxvm4cwz6fnywbevr,did:plc:zyvjlj2gpwgfyka67mmp4pld,0,0.0
did:plc:hkhuok6m4euoposl5vjmt3k4,did:plc:wn6llwujfexf5baoaotsluso,0,0.03733909167445449
did:plc:ld4sp47sxegystrlw3hs7yuc,did:plc:u764d4zlb74jwgoqu4in2xhp,0,0.039051394520918284
did:plc:3t4ki5yvynv2wizr4m3no6y5,did:plc:kd6x3lktq75roh6dpsbw7x2t,0,0.14034151482200127
did:plc:77k4jbw3hnc4nxwpcb2nyfqq,did:plc:rbayr6yv6gizaigihyfsumdt,0,0.012109838885015912
did:plc:dptnaidmgrjtla3swmproqz2,did:plc:x33l4yrjjgvaesufn7xdbr3i,0,0.0
did:plc:f2l5uslpatqchbofdopy4wao,did:plc:hbj3s7ydsrlakh6adfugalhh,0,0.0
did:plc:5glj5tu277fnvu4thmuvrot4,did:plc:fb44fl2fshr5mdhg336aatbt,0,0.002170641280240052
did:plc:7n2kzdrxlre73ugjhdupzkwr,did:plc:uynfbvaiycwrz555wlz3aa6o,0,0.011512542948701283
did:plc:hfdxg2tdmfnyxqnctgoanbvz,did:plc:hxefucc536emf6rbj5pl4en7,0,0.0026923302343167424
did:plc:3p47xq34osafw2qvitfba6yc,did:plc:fl4hzafmykyuqaaequziwsx6,0,0.0
did:plc:hapx4zj2uxen6i7blelbepwr,did:plc:u7tziwb5pqts5t5lx6ly4e53,0,0.002900497964366557
did:plc:2mbpztta3mf72vxz4noxenax,did:plc:se3pdjhhtvxwe57kvzdzvfcm,0,0.009217097616556641
did:plc:f2ltctgb23s7yo4ucbepkagf,did:plc:us5ancy75nwsauru742zmwgm,0,0.015693768395652993
did:plc:5s53nefbqgzy7pdfjbf6266v,did:plc:zuoedrcntlcvruwsh7giurun,0,0.010423564130896845
did:plc:vn6oq5llitwwmnmwdlacnwon,did:plc:z7rwb25jwprcr67oomsyhsma,0,0.0082362547597735
did:plc:di6p7slqdrh4lv4gujjh6gf5,did:plc:ub6tsov5zcorwe3hhuyi6bwm,0,0.009747129132420805
did:plc:2rqi4iipr2k5rkxhsitvwsre,did:plc:pojmcohfep44ic7aneelp7je,0,0.0
did:plc:7d3w2bcglxcjxm3z7bgwfkz4,did:plc:vjvmpcgrdkkotaprbvsy3s2z,0,0.005881467680367151
did:plc:kewztuosvvmhguoduk47mtsm,did:plc:mi5qlfg36kzkszbtlrrctxjt,0,0.01496679576750636
did:plc:7kbimc7j5f6wuyamysdxchkt,did:plc:f7zuxgmaq6g35hhvvn2i76my,0,0.11302621370154878
did:plc:2trg36b6h7nrnquj2ooh6dla,did:plc:xp7elcpriyzncachmqtfdohf,0,0.42437703285204836
did:plc:h3idpe7si2t34wrboazc7i5g,did:plc:kb2kclbkddqrjypz4scbm7zl,0,0.015270887123657997
did:plc:5haqrsf3y55dotw5hd5cua5n,did:plc:huoidwchywkz7tnsycoopyid,0,0.0
did:plc:3f726c5j6nrv2x646cpqrcul,did:plc:mpsxdy275pxrgikpzaafbm6b,0,0.0014241400318835272
did:plc:kco7sg2nxhciegncezxhb4mx,did:plc:zc6rpwiizrjfm7mj7qf7gw5x,0,0.0
did:plc:7srmwgoobietmrkucm6fki7f,did:plc:dneh7s2x2rswei3sxtot4ees,0,0.002845753534885136
did:plc:7nrovqd552i7vpyetxhmwxbd,did:plc:xsyesd3alxtcnm7247g3cphn,0,0.06447944293904947
did:plc:flckka4nc4zfqzu6odxourja,did:plc:w27lo6ava2hp73b3ba6cjd7c,0,0.0023508095582160625
did:plc:3szbquljdeoevozm75ognnil,did:plc:kujh4lwtby6amf7yiigwtvhg,0,0.002909708679493629
did:plc:rvwm46zq4bo23boyrpymf6z7,did:plc:xsdnylf2ntbb7cl2sii32tkx,0,0.0
did:plc:3nwa7usossb5fzhqtpbdxacs,did:plc:p57eoxr5zf2q2w7oki4szlmh,0,0.008214727506504442
did:plc:25vfoiqmrabp7eejdzu2mmqg,did:plc:ffiwdxtbtivdh3fk3b6j5hdk,0,0.0
did:plc:kw7ahyzl66auseeykspnovga,did:plc:mwjc753enkpezvrok4kvf5zi,0,0.1957792533101284
did:plc:zdsr73dgrh6g2fenh2axpym4,did:plc:zqxveyd22btzkmamohegtt6e,0,0.03444128875031271
did:plc:hdo5l2eajy62w2t52lhl4yil,did:plc:vtgfffbxwnhlvbonhwpfgvmw,0,0.0200677428465398
did:plc:dvzyhkdkhkufizvzm7ae7sdk,did:plc:rkatmcnhk7a3zoo266ccs7sf,0,0.004403102151094261
did:plc:frs4xafmeegus5lajavxe7aa,did:plc:k43tx3754wm7hohvyw2zqqpg,0,0.00160721278721368
did:plc:dllgr2hog5ftx5xb2zc5h5jb,did:plc:rxcjc5t62glb27gr4v2ivgk3,0,0.010150698423182294
did:plc:7mxzxni2kgm2oh6u5u2sioz4,did:plc:ruah63iiaa4hxrrcnrul5fbc,0,0.009988407422123017
did:plc:3lyecomu3gtsg3oxodenfwb4,did:plc:wldkgah4suvgcotoycgo3k7r,0,0.03838856468165626
did:plc:2lrhzvg2kiydfgwb3zyovnwm,did:plc:k72arhtj32jlt5vvpq7ihqwo,0,0.050807853450809945
did:plc:kxpxj4shdyjethtep2nxn4oc,did:plc:z56cx2pvcpqwlogn2fchgi4x,0,0.0007001146203438613
did:plc:25eh36tjbck2nvdvwxvpo6cz,did:plc:mvitmon5i7om25cnhfbxwuzm,0,0.02910138797354501
did:plc:5zpljnxgup2ajtsn4rpmmzt6,did:plc:vrmqguvpbot337xzkp2gkvzb,0,0.003882009465906589
did:plc:kzzcwhfjlqmmco5qdmg2ywls,did:plc:rfhe66usom4s4wvjhd3flehe,0,0.0
did:plc:iitgew72r7qac3kzxhta4vr6,did:plc:wp3hxbwcayi3cm7js7oalltd,0,0.01405487834708022
did:plc:5u5hq75nf7yljfb3tjncem5j,did:plc:waaumpab72kp2nhdtzzk4etq,0,0.006252942190324502
did:plc:5kgu5qanoytptwdbn2xwmotg,did:plc:z7rjp4f2u6yoibycsx6q4ieu,0,0.023741253324398782
did:plc:iad4bqme3kviu54okoflthjz,did:plc:pko3gvghut535gdzpmiv27px,0,0.0
did:plc:rzmts7xo3h55robasjvgfegz,did:plc:s6gehx27piljayi47kdvfrqk,0,0.0
did:plc:dlcdlum27xpzun5vgpqxwriv,did:plc:iqtwbpfloj76nypclqigqizd,0,0.005139232615656723
did:plc:7inqqoufbimoqnbr3wptavgn,did:plc:fwadqdina4qw2o55v5w6rqyk,0,0.017303096401115277
did:plc:3pmvkvi67egnfpaofiocehyr,did:plc:zj645o4gtrbrvmr3uclie3fk,0,0.0033105407747655267
did:plc:shix5q47icfhzq4xf7p2o7sq,did:plc:x7hf3aaepafz2sa6ozvvvv7s,0,0.22863314974172388
did:plc:5dnebti7eo2f65lagnw22idc,did:plc:hxokngeme7m4mfg6tj7npdcs,0,0.0
did:plc:26n25glzqipjsh4f54nhqx2p,did:plc:3qp4sr67ah3egtcg2bf3ecjl,0,0.0
did:plc:2nekpjozt6uqbqukol2r7gbu,did:plc:xdy5mrepxblwlaua64kcnoqm,0,0.028781276039244307
did:plc:dgvmgr3qbjfknpuxnw67cfvt,did:plc:z6i7mu4u4eq3k5clowlj5ota,0,0.0
did:plc:5kgqowgrvd5mqmwaz667374b,did:plc:dttwvgu3if4av7wrjw4346pv,0,0.0
did:plc:5dnnu4q3zbwlpsbjguya5h5j,did:plc:lo5eadmbtngarboexax3snui,0,0.005347891183946122
did:plc:mty63gs6csnr3x7hc4n6xao4,did:plc:w3lo4cj7e5upyjq335ouhwxb,0,0.00371218472730623
did:plc:fdd7xtlcwrj33cxsqpuups72,did:plc:hlqkxcz6mb34uqmz3avdsmcp,0,0.013218452436855283
did:plc:hpldhbxxmbiopqcc4fmyjmiq,did:plc:uhwlmph4p3sno4hjkmnisnyd,0,0.005480877416861622
did:plc:w2i7o5j7clc46q374ndqxu2m,did:plc:wfmqk4lvz3zj766i43b2hho7,0,0.0
did:plc:65lweg3zaaya7mlvhvu2ufsa,did:plc:xfkcvq2vtyed3zva27nzijf2,0,0.02016890105323603
did:plc:p42hyljodlihd7nyffbuma4i,did:plc:w2y4kzuyfrrcj4xqd3tjsjrp,0,0.029709230370668298
did:plc:vd7ijkp6zbk4pz54m3prrfze,did:plc:vkyk4zpcseau7vg6n7ngqjpy,0,0.0
did:plc:mjzngn5jjgdbpmyzc5cv6qmz,did:plc:xfvyqdgdzqdg5t7pnwkclufh,0,0.07465943977663123
did:plc:7qgvytus6iomsfjwprw3dtd5,did:plc:rtiqvrkkv6pytlgyesrlnpco,0,0.02655122867203945
did:plc:m7ejp7zkhft3wi7lnbbgez2m,did:plc:ri5vr4qxbalbonkh2qmq4mio,0,0.004558498673349082
did:plc:z2whxsqtdhgcxfdjuylgrcph,did:plc:zlsl3fz7yrm74ipz2dbilyge,0,0.018648684659075185
did:plc:lfvdqm7gcanoewxov7nluyiw,did:plc:vnzx7i2fqkxuuwwqkpn3p7wt,0,0.005732095532915524
did:plc:d3a4nekjllphgf3wmgfmc6bf,did:plc:zr67cinrvmqz36bkn3ih5hht,0,0.0
did:plc:rcjgxnsmmg4vu4dkn6jk3tyx,did:plc:s6bf37js3owiaaqiahj4zwhv,0,0.007005347614233152
did:plc:2grrwh5kqghsvgcfygxwkv4b,did:plc:7c7uexiqz5crc3sxjchclven,0,0.0
did:plc:3avc3x2i5xu42hbj7rhwpijd,did:plc:zyp6nsafkoj2lberjhufehyk,0,0.008550469268186119
did:plc:di6hvptmhaas2b3w2nzpcttz,did:plc:mss44ut2pqqiijk3iunhwqta,0,0.011914502121210783
did:plc:f5y33pvdp5jntwlohxamp67g,did:plc:z6fpchipaqyzu3um22awvpob,0,0.021469461678961674
did:plc:36yt367b4k352c3ipznrpdfc,did:plc:h3bxlh3r7p4jdunleuikstg5,0,0.0
did:plc:vcpo2drakgmqasy772wmkasz,did:plc:vpa2rx3o56fm4dugb5hb7zgh,0,0.0202304293601854
did:plc:6p6ptgqnpmmvglwzouuapjp7,did:plc:f5e7764mfpfjlcgvqfhpm45o,0,0.14412869257811983
did:plc:6qc7ydharmtisi3wydiiij4k,did:plc:l4wc3kylyol6bvsr6dy46ffe,0,0.020444424988447455
did:plc:6qfyjldbtpwvpjb4haktcgyw,did:plc:f2qlgws4qdwtcxx3kc5uwk33,0,0.006361553583141138
did:plc:mqspucoua5ffacvrmztr6ggo,did:plc:sl7niz3hvfzhrk3oz7vexlj5,0,0.009664086089353813
did:plc:775n3m4ctdhgnvgs3xfl2cav,did:plc:iehmyspffkp7vy5mut76wxls,0,0.0
did:plc:peucmu7xgnx6nr7tlm4ugka7,did:plc:r4sbezvs2rnb2nwiuplgjwie,0,0.0
did:plc:dlrx246i7udk7rbznxzwrhej,did:plc:va3ileg2ny4osksbdjcja2za,0,0.05414320612829611
did:plc:64rrpndbo7hvniafbtv2h5xb,did:plc:pf6bvbnachmdtt4oiuzrpqzl,0,0.006995667908063062
did:plc:sz2woy4a43iapve53lkyxrct,did:plc:wyplwfnmsz56xfwrwuxwfnku,0,0.00366849750449627
did:plc:3h367xd76nbukfe6m6xwc6zb,did:plc:uks6h7niz76nko4hs4buvuz2,0,0.011054655545891728
did:plc:2zb2yjzxbksb36yjq4eg5frv,did:plc:ufpf5r7qs3kb74543oizpqp3,0,0.0
did:plc:kq6pprierrnh5te27b6g6hws,did:plc:pvebsdbmdurcgvl6ba35omfy,0,0.12865974649448783
did:plc:mtaf6rwgdzdwfhoba6p4bypa,did:plc:ulmtsotqcikika4pbqfkvq2c,0,0.04449948303009128
did:plc:3t2rno4m6p5ykplxjcmaeo5x,did:plc:syrmqwkb3bnhltddooeizxxo,0,0.009356949625410851
did:plc:dch3rf3k6fflurrwsyu254pq,did:plc:xt3xuhu6kriqi65fzuarfe36,0,0.0046396706754307316
did:plc:2a3fgljtldp6d2ok7btt4skj,did:plc:ivj2nng7inyn7jc4mwnohdg3,0,0.018902045140071863
did:plc:5udfnzgljqjmaolrbtze4xu2,did:plc:hwse4b6f3oljzzee6ajemqim,0,0.006026414540474283
did:plc:3e4tbnc3bqmoeg7odx2j3ibk,did:plc:54ksk7dzdhwwaxbskdzvzp5q,0,0.0
did:plc:klt7oqjkadjyaqdj2tluc6n3,did:plc:pvfb56qz2oy4il3ffrxpxs7h,0,0.0064306451316512945
did:plc:6qh4tcpaae5oovq34mg2wqkl,did:plc:rmtx7mptc44dlq4n4oyzrjv5,0,0.0029101932121360953
did:plc:5wdcqav5wb26dam2vtx3m372,did:plc:lqxeplev6drkbakw7huswh7d,0,0.0224856468141
did:plc:ffs5q3kwmis3yxezvazt5z4d,did:plc:kazsmhlbdexxozf35kjrz2c7,0,0.0
did:plc:75yrphz5ziytoxi3k5pzo6gr,did:plc:7bsds62qkt3rf7afgylwdu53,0,0.05113262953143917
did:plc:5kihj6xyybrewxyzumkvpdvl,did:plc:sudovr2j2iun4jtfwejil7mh,0,0.16538197373842
did:plc:6rqlp3eiehbisls7fe34afv6,did:plc:inkkd4lmbbajxqxmldhkuepy,0,0.024578663268095095
did:plc:djzrvli4m3a36ydh5egr6654,did:plc:u7qi6hu7erfhixk3j7s66zrg,0,0.024423204507373623
did:plc:2tiayujrlkwkc2sey644d7al,did:plc:fim2nevqgosejeoy763n7kfs,0,0.04802855474055434
did:plc:2fvxfiykg3xacdeowyyuu2qj,did:plc:ia6thuvlz5rpw2hcwnbil4en,0,0.008524685711959098
did:plc:fsweyockbyypia4rlibxw3bo,did:plc:rigwllxeckkrm62avgvg2ncc,0,0.0007551530031159524
did:plc:6zqo5zb6pxjjshvmh3xdorgo,did:plc:sfy2k476ppcirwmnrgqjhtku,0,0.0090467961981908
did:plc:23z3ts5xml66c5cynrpsm6yb,did:plc:rpmewg332j7j3z7keamoet6v,0,0.07724921246775679
did:plc:lb7hswdvhqru6vq4qz6hrx4y,did:plc:rmhk6my52kvr6v2th5z5t6ze,0,0.0
did:plc:icxdw2ydcspa43vv5tq7tynu,did:plc:pcrtr2vnae2lduuv3vdzubw6,0,0.0
did:plc:kin63tahfrlrhfxnundyr7pp,did:plc:ryksxywmhwabfcvg427euuno,0,0.027550445160103167
did:plc:7pclyrhjy54oni7hs3x2yduy,did:plc:7qwfh3bnxdlupy4sxooxzdly,0,0.03809804681248309
did:plc:3ep42zicelh7xgo4qtbyqycw,did:plc:5gxwonprw4kt3dg4v2ofnh5u,0,0.021402328314884984
did:plc:rqtn24u2n6gcsofdpgwz5xjk,did:plc:s4pqwxklghnjjwf5wrfmhcku,0,0.037117860365208165
did:plc:6l7mn25ky6ai6gsrs5htw5gf,did:plc:iv4orhsftfnnqawymnivoala,0,0.01133711036887394
did:plc:5564lt4uyzu24jxymbr7jfqo,did:plc:pkpel2e7no2t6gmbsjt6m64h,0,0.007147858632501412
did:plc:3ul2a7xmn5ny4lpfig4d5xyw,did:plc:65p6mwjylbr6fihj4g5xun3b,0,0.02558333956636432
did:plc:kuwbw7zvg5r3jp7ljklhyrsb,did:plc:mfosepbzmwf5mqimccyxgk7b,0,0.0030345323586018188
did:plc:2uwsytxzacmkm34vtpybaugm,did:plc:sehkvclrrujapvvhfv67ax5p,0,0.021943547063502798
did:plc:frl3eg5itsf53u2w3lmgokiq,did:plc:xwjvrpkuckkhpa63wspqzvuc,0,0.007187957383010268
did:plc:2zpctzp2qf6xqdhnalmvppsg,did:plc:wdrylyyfsmkeywzgiw7ts4yd,0,0.0038043645964476354
did:plc:du75uu77kiz4te4mxm6cz6je,did:plc:dza7zim3dzfd2qwtee4pniht,0,0.02747840790837985
did:plc:7jprjyvw3g5of2snhr6pnuls,did:plc:va5fpexidzsqu4642ds5f67b,0,0.15901923256360875
did:plc:fnv63embufbzkhmi6p6ifmdm,did:plc:kyz3yr4oxqyvz75xqbkukgaw,0,0.025765128215522033
did:plc:75bjhrmig5zil6loi7ifm6mk,did:plc:myj2e3w44tvcep6wswwhh2ni,0,0.0
did:plc:layumw6xroaaynhdyp7h2wym,did:plc:pewcem2qobj6owtxbpjc2amd,0,0.06402608874894679
did:plc:6pivvkuhcutqqsj3zl5qjeut,did:plc:i7ysymgfao2xqlnvyretkwmt,0,0.019957082568243006
did:plc:iivyul63yntwsotcgoncxrrw,did:plc:pmrvvs24b6m375fsrjoqddro,0,0.00497897082468613
did:plc:vdq26k5kskzyggghqsdvw4dp,did:plc:xds6utn4z3mlrgs5yc7pzn5t,0,0.030281055418227176
did:plc:duc5ec52bnrvnbuua4j6p62q,did:plc:xttt6gs44lwdffz73cimo3hb,0,0.001499482609569079
did:plc:f222b7uxzzk3abbv6wgwonsd,did:plc:rghtwe54sgza3ak6vasevx5p,0,0.0167193372534127
did:plc:knwvpayjvtep3r7c2qftjj7p,did:plc:u4mrq23wubr77gt6mzae3epn,0,0.017131281729648756
did:plc:234xb3mixuhzqwpjrq5hd3b4,did:plc:ru4y36uccpw7vefhtcdrkka6,0,0.027280557129687005
did:plc:lnrgxhnwegpa6xzoell42jjn,did:plc:pchl2oaz2cec7f33b7i2vrhi,0,0.031869541814269375
did:plc:3ecdoz2egeelxtaculpfhwxm,did:plc:lose43zrpv7vwugtfa4ni6a5,0,0.050400305286634986
did:plc:3s4ltogme43tz2zz6yqmnc7n,did:plc:z53q7wfbejbi7j2ldfcsjrs2,0,0.0045918721820061535
did:plc:pk33mnth43dftd624qpvtsvz,did:plc:smii7lbnfn3df5yp3b77ouci,0,0.003570370945669364
did:plc:6e3s3de5u2bduekvoijngfb3,did:plc:imcvkr7ddcy7supjr4ngyik7,0,0.004935563100340957
did:plc:dbbuajuf3mqteukdfiv367pm,did:plc:wipbuxrf37ipkflk6b2k5xxp,0,0.011298974653291544
did:plc:d5zh7hgz4sokhxuk7cjdl6vo,did:plc:w6u6ahgfs6vkdtvjwliyrzxu,0,0.0
did:plc:dqkx5a6ji4m2p5yfhkcaqu25,did:plc:vvsaaruqk3y2mly5ujneprpg,0,0.0
did:plc:f3swyfetxba7l5xzgeeufigw,did:plc:pjiamvxe4s5j7vjvr3mece4s,0,0.009470082955613461
did:plc:6tbzyvxduaeblmxiyv6czu5m,did:plc:dgqjm6bwa4hldo6t2hiq7dkp,0,0.00964348929783251
did:plc:xn5gfbtccka55vsafju766kh,did:plc:xvpwmlre2wdlydil5bk6btso,0,0.02646834744403214
did:plc:mb6oyg3o2zlyvdy75qzpeyxp,did:plc:w73qzr5iiug4vzifhhr5ejox,0,0.02559588853734937
did:plc:f5mchldluozx66lbwc5iudsm,did:plc:vo42ax2b3az6alkzcukuqohy,0,0.0032888374409338825
did:plc:5i6gmyi6uhia26nmby7vgbmj,did:plc:zhuyge7n3iqjidviirgzcefr,0,0.0
did:plc:r76vrv677baorq5qdnzbkckd,did:plc:s5ad7egmwomlkmlmhp6jnhgz,0,0.029866057787959106
did:plc:h7xqccuygsuq3un3kxxzvsex,did:plc:hpo7zi67hiyxci7od3h45bmj,0,0.000996957812614774
did:plc:mceqnsqbyv5eazu2f27dl2gi,did:plc:xbc6rpc6o63adrfel32uc3nj,0,0.003473584717268446
did:plc:pr6pojkfgz5ck3ioamd3pdaf,did:plc:xdsoe3uwoaccu3zlmnegvumz,0,0.012424258384410485
did:plc:l3a7kdxnivihgfkhqbvfcheu,did:plc:zhod643v46nqo7e43a6eadpx,0,0.0321839772930852
did:plc:dd35lp5ykodddzzvhpus5atq,did:plc:wrifod4deyk7al7o3p5ks527,0,0.005954008516799039
did:plc:l4acaheeylnwrrhfthesj6s4,did:plc:lm5timiek2uuwvay6skaxmgh,0,0.006151460112772525
did:plc:hstpokvj6ku75dejdaz2qzoe,did:plc:luucmyevs4aqwnd3lefvmoka,0,0.0006319767689757914
did:plc:hs4g563qzrfcg7s3mqq4jqry,did:plc:lozdbxojl5wor6gmqbjq7ext,0,0.0
did:plc:5oa4lakct227vzkfgaq5fa53,did:plc:vihzfa42naefaamgwfvrbdti,0,0.06343314199065203
did:plc:hhop3o7nyizwnq5bhpkzbhoq,did:plc:phs5ovtqcxztwsd4yrhp3fg4,0,0.023522316283478756
did:plc:mn5mymez47exgr2rjjr2fxqd,did:plc:sp6mth2hsovxx7nrm2dorjsd,0,0.0006033208323980064
did:plc:hxndm6xo4illgha4lfsd7q4o,did:plc:zqotkjl3jiyoqhtb2i2ibryu,0,0.016126475107123575
did:plc:6aq4llov7xdk5sxipw6jwiiw,did:plc:icalm4jtwrpf4qhyvkj4nzw6,0,0.47790067371539946
did:plc:6cutuuv2pjrnbsqesxaf3exx,did:plc:753zyvcxfmyu7hyps6rhemo5,0,0.004972370925842203
did:plc:hhar6tb5lik6s2dvm6lufafc,did:plc:rss2lia5fqjyekken52pxhyj,0,0.0040692257111940595
did:plc:dekoxg4xnhpfgrpxgnxmgl23,did:plc:kxrncd7ox3ukojylwh2bpaki,0,0.007280954210583996
did:plc:fd6nzoefgeuciszv4yicfpjt,did:plc:p3w3vphnnz3ckq5guzyjrwy3,0,0.00307262512550977
did:plc:mpc6c7r2t2iw6m63qevbyva2,did:plc:vuf4wnkw42euvza5ltq4duf2,0,0.010414910050369871
did:plc:daj6z67jtlg3h43wcvggp6s5,did:plc:s7lzuht6asdfybxjjh3ac7l6,0,0.031430320319328874
did:plc:uwcpnmbyjtkeoo6mrbvqaucx,did:plc:vt3xvbw22imzxfegz45wq7y5,0,0.04179300591361487
did:plc:7lvdkdftpr2hppfc2h4yima6,did:plc:voo7k32kpkhrpaqsmx24hsxw,0,0.004800323182936087
did:plc:mqu5ehp62huc72s4kqsvui2y,did:plc:rya6dq7qtvtemmfbh6waanlj,0,0.0
did:plc:hjce2bxzvxevzomuddvicxlb,did:plc:vf6h43m564desqdgbecbfiou,0,0.0
did:plc:2jtya2svlwcpos5drug4lsvx,did:plc:uoo4bqkxnrolprbr24xpqyyk,0,0.006627113745964778
did:plc:7djwtmzoy6ko5wppllud6ayx,did:plc:s2m2umlzljjy4pjfestjshyo,0,0.00121728204286923
did:plc:2a3j2p5c337q4u5l46ycvkmb,did:plc:demp6frhtuec6h2nswngliud,0,0.005143789098378612
did:plc:pfzjswbqzghnthym3xhlzapw,did:plc:vf7grpyareha3ql4jogckllk,0,0.011449397567139722
did:plc:f4xzisf2czuxjiahoh6d4oly,did:plc:ug6qhvxz32gc4pkre4huxuyk,0,0.015448771427503918
did:plc:3hl2flc67xdnytobtx7lksc3,did:plc:55rwvykefs6er2zatgs6znr3,0,0.0012671856596026332
did:plc:56wolu6phmhcyy3257uh4qpi,did:plc:66yv754pn7t3zd2lbrmxo5oq,0,0.0
did:plc:5awjvq5fayruvnksynweiayw,did:plc:z7zup4b4ydtn72odncox4opk,0,0.07799622004490106
did:plc:plggkv7naccdgvdvqjp7m7le,did:plc:witl2xmff55zwvwndtxo2mrq,0,0.02943332252509318
did:plc:hbbdcyliotzsdkowafsdftlk,did:plc:x2pjvqdt2qzopg7jf7zfy4f7,0,0.002594485012011434
did:plc:6fysvmz33jbkrazgfgqtdupl,did:plc:pudsosxeqggxirhkbyrz4zmk,0,0.019494389113971087
did:plc:slpzjiexewif64y5glseu5ia,did:plc:wptlztxuh662gji7mvudbfai,0,0.0
did:plc:h6lyg5ei3wc26yr5axrl4ffw,did:plc:z24pllzxogh5ybtssu3ild2b,0,0.023520329902963755
did:plc:dfwl2ci2niqklq7vlmcxehhp,did:plc:sevebs3d3ykvtioiv47vj5re,0,0.0036199584098052682
did:plc:hbtmgqanxlynu2pzdm2ldeyr,did:plc:pxzohu5zihtrkfhrzl4fpzf7,0,0.017514424209031557
did:plc:rxcbowz6u5b4uzkt4tt5jmpj,did:plc:upjlofezi4cqf3wbaivaooqx,0,0.0
did:plc:73ur6oata22ewersuydlyhjy,did:plc:w3mo7raeovlh7umduqh6a6s5,0,0.004294900246364499
did:plc:kwffbqxxagwwwmq4bxikkl76,did:plc:zhbwak7nqqcqo2s5zmmmsfbr,0,0.02502171719076718
did:plc:3arrgos3dy5ytntyxz57xyfd,did:plc:fq4oy6mqhmuh2q3nt5ikyeue,0,0.0
did:plc:vndecpla4656zhnt3nbtyxrk,did:plc:zu6zcmkcabkddkt4635w6sgk,0,0.0035232780547192217
did:plc:7w4xlxoqtf7jlnjpbisuxde5,did:plc:iwu2b7vas2xjoos267b6ekf2,0,0.033315035223314304
did:plc:u2366zlyx5q7fozcisrybjxh,did:plc:w73dweic7fpini4zpgpkimhv,0,0.022812509316595224
did:plc:u4wupdewvt7j5syhvtidldm4,did:plc:z4v3elif7ml32gdj5ar2qwyh,0,0.005975855257046896
did:plc:iuszpaj5nr6zmj5tcpjqdjrx,did:plc:zypg2eombrkty7iclsyy3cyg,0,0.1063398369277876
did:plc:sdssfdegmpkbxgsuffxmujjc,did:plc:ucflvxa5swdqapmf64yfhp66,0,0.004257383373177858
did:plc:5paegjiw3qg7notjno4ilojb,did:plc:7ivjawrbjehgqwsyr55qbbkb,0,0.0022680774096912747
did:plc:srhfik3v2c7hzfqcjbb3teu2,did:plc:wrxpmlbejqqqr2xmibq7zwet,0,0.03306002101073861
did:plc:knycg22ausdwstjii7wdviz5,did:plc:p6gd4y5rlxgosfswiulxlv7b,0,0.0023667221029735285
did:plc:hchybkrwojcf5h7sokgbytkd,did:plc:wkwr5crqd7hqvuv7cww4kpxm,0,0.0
did:plc:pylf3y2bosebfmdooux2cmum,did:plc:sfjjiqoaoaiwmkvgznfnqzxa,0,0.00419509046647378
did:plc:m4t27zfuutgkabg4ahgxaxd7,did:plc:rmpr55j3ba5wralrjmyvbnei,0,0.051181490935666124
did:plc:srpdrugw6gtlbe7rj77dn2bi,did:plc:umwx3qucb3cm4wymfpzbwnea,0,0.012004129110317448
did:plc:kirpt7pjxnc4siokiiyebxj7,did:plc:u5zx7d66dmbdrdcgemxnxzuu,0,0.043214764953506915
did:plc:dqrd5r5ksxeurrv6bmspqb56,did:plc:v4ka4m5gej6mtjltg7tjxoeg,0,0.004745108849857389
did:plc:5pu2gyyq2xirrfwylden6h6h,did:plc:7ml5kyusaflu6mauobz24r7e,0,0.0
did:plc:frmz5gnzvqagt5vazrno3ekb,did:plc:il32v3facqqmwopzhvzxohxr,0,0.0
did:plc:f3eza2bwrdyrpllqaagktcmw,did:plc:kup2d2mbpw2wql3v6lwrtv6n,0,0.04164663883888541
did:plc:khmcjcypeh5tv7xwsnefqqim,did:plc:wgor5pubrgtxcurqlwuydrou,0,0.0
did:plc:pty5lggvsp2li4kl4bydmbj5,did:plc:zupkm7jyww644ex6z5x26wh3,0,0.028329204341209092
did:plc:v5xjtorofr3cohvqazeygzdh,did:plc:voz2iecdjlrrmxefwuy2zc43,0,0.005004512084381287
did:plc:kiqdsva5xrufuo46zbxluumo,did:plc:pa7dihkzlfsrqcmpn3snjlb4,0,0.10984871203762593
did:plc:pmb7ny2ehcpp434wf3gzohtc,did:plc:zr57pj3jegz3cwnoerizhpt5,0,0.2872884855556468
did:plc:5umcj25zo737kkfct6jlf5w5,did:plc:mjebhcsfvrtg3lb2ouvfhl3f,0,0.012683455337462405
did:plc:7p2alq2h5j3dcta6kgrc257o,did:plc:i4x7ccmmkspe6ihytn566uqi,0,0.18512337500212533
did:plc:l7fmpeb3qlaqxlaowdytw55y,did:plc:v6ezrkyzzv5favotwr5vdehu,0,0.0
did:plc:iey5vbhgdgoumiy3ubd4yu3l,did:plc:kynb7ltxrsax5aeyafpgvtco,0,0.03266060876055028
did:plc:iwptcs5osi32sx4lir3u6s4m,did:plc:ugwmfv5awknowjfzx4xe5sgg,0,0.009261814539759156
did:plc:dftkubupljotm4bsay5237oj,did:plc:mmtjtynxuv2u3o5hncr3dv5f,0,0.012670992468873932
did:plc:5fk2k75axty2pwlxnewaknan,did:plc:m7qmn56yv75akgamjlh2phfy,0,0.015231972890555128
did:plc:swuapggv22vw4ldlmlry2xrb,did:plc:wchfpwbgtp2cadoe47hydk5a,0,0.0019206553589484218
did:plc:6irx3l5otqehkfrawx6dh5es,did:plc:rxvoorvqtttelqxva6iwb3ap,0,0.0
did:plc:dz3pj44qkfz6h3z4iegx63sg,did:plc:lzwpfwpje7xney7zxr5eht5n,0,0.0
did:plc:k3aun5u52n4oozmpyxwspyvr,did:plc:ubssv3rtey6it6blllptbewp,0,0.029556786293092573
did:plc:rg7ihw6bfqszehyag24mwr7c,did:plc:u7mtavsmbearw3afxv7pqbom,0,0.0
did:plc:dxitf3l5gk2t2ry344fctxul,did:plc:vf7s5jb25sk6hxsu3k2vl6rn,0,0.040532556433890636
did:plc:3ai4b24z3mvtw4pwlewbgayt,did:plc:wmbmlt2opjof535a2532eb55,0,0.0
did:plc:3up4fmksv7puuuaoi3vbahse,did:plc:7ghsw4esrt3ukbtoipnidw3u,0,0.047479492911681534
did:plc:lbvyvuvtwoxb7umku5kitgj6,did:plc:pghs5t34lpz2jt7vrfgmxr2w,0,0.005673547601327296
did:plc:iplawumrhlmkyyeyufqq7z63,did:plc:kbrqqgrpn2fmkv6sydklnnfq,0,0.006060898194721606
did:plc:74ksn4tawo2l4az75cq2vjho,did:plc:dyixla7muisnja4o2ea6egla,0,0.0031390034407988944
did:plc:6h67wyykh7ko6m7xwgwysz5j,did:plc:d7vhzz6ykffsaolf2opakblb,0,0.010074460216774762
did:plc:l76swasnzee4deyqgxmqulkt,did:plc:rofi3f276m5ug4l72q4y2lri,0,0.006522429324442075
did:plc:7rjdr3ebvs6lv7btem4a7hdj,did:plc:z2hcyx2uhkeq76kho3dzqamj,0,0.0
did:plc:f3vn67lg6waolvtf42ad7irs,did:plc:fntuitglocwseqp6yatrm4sx,0,0.0
did:plc:76lp47vb4gyopo334m3gpv6p,did:plc:urwdfh6scareu2doyajhmz72,0,0.006120723991591027
did:plc:2hwolj6wp4agzirg3ww373od,did:plc:pewcqe4k6lwe7ow7ntcolfrc,0,0.0
did:plc:k3nnlsfsbsgklwb2nmcsevfb,did:plc:x2wm6cdnkqjp2rsb7xm3nvka,0,0.0057210860532617685
did:plc:6epdfva4tudchih3k7i6v2s4,did:plc:ld3wmix4mgxonbthkwlzkiwk,0,0.0
did:plc:frm4zh4aybnozlebsquntaae,did:plc:ps5pdfpuli4dcjbhmlnnbcam,0,0.0
did:plc:3g3gf6b55ma3brgjv3ytahrn,did:plc:md6oynz3upi6tx7rbcvtnles,0,0.0027271907008905843
did:plc:iy43ptxhjjkoryn6v5omc7sx,did:plc:x4esxggzgpxtz4smmskqqyul,0,0.0
did:plc:mngx5vsczt5sgzf6rmxjf44i,did:plc:sk2pihvtbrh545m2xksr7rjt,0,0.0
did:plc:fio4da7kpy2ljhqc6wwzauh2,did:plc:uba6cixlbm3bt4cywsurtjuq,0,0.0
did:plc:3yol4lp5ll2qsxv3oe7losee,did:plc:kevdygp7uwo43hxy67cbjngm,0,0.005805362819700508
did:plc:547ckynppaonfqhvupsfeoyg,did:plc:vihbwbf26ye57wdbq5mu2gvx,0,0.017352354383967726
